Year,Month,Anomaly,Unc,Anomaly_1,Unc_1,Anomaly_2,Unc_2,Anomaly_3,Unc_3,Anomaly_4,Unc_4
1850,1,-0.384,0.548,,,,,,,,
1850,2,-0.391,0.545,,,,,,,,
1850,3,-0.254,0.609,,,,,,,,
1850,4,-0.685,0.457,,,,,,,,
1850,5,-0.302,0.411,,,,,,,,
1850,6,-0.302,0.457,-0.315,0.311,,,,,,
1850,7,-0.212,0.36,-0.312,0.279,,,,,,
1850,8,-0.192,0.285,-0.305,0.243,,,,,,
1850,9,-0.245,0.327,-0.313,0.247,,,,,,
1850,10,-0.177,0.429,-0.308,0.238,,,,,,
1850,11,-0.158,0.562,-0.31,0.225,,,,,,
1850,12,-0.48,0.445,-0.298,0.216,,,,,,
1851,1,-0.347,0.38,-0.29,0.209,,,,,,
1851,2,-0.306,0.322,-0.297,0.217,,,,,,
1851,3,-0.351,0.518,-0.289,0.224,,,,,,
1851,4,-0.623,0.313,-0.283,0.234,,,,,,
1851,5,-0.322,0.248,-0.281,0.255,,,,,,
1851,6,-0.162,0.308,-0.255,0.276,,,,,,
1851,7,-0.113,0.287,-0.249,0.284,,,,,,
1851,8,-0.274,0.439,-0.247,0.283,,,,,,
1851,9,-0.157,0.377,-0.261,0.264,,,,,,
1851,10,-0.103,0.374,-0.245,0.253,,,,,,
1851,11,-0.132,0.573,-0.231,0.247,,,,,,
1851,12,-0.164,0.523,-0.232,0.247,,,,,,
1852,1,-0.28,0.366,-0.225,0.255,,,,,,
1852,2,-0.287,0.29,-0.216,0.251,,,,,,
1852,3,-0.515,0.298,-0.208,0.237,,,,,,
1852,4,-0.427,0.273,-0.212,0.209,,,,,,
1852,5,-0.153,0.299,-0.202,0.202,,,,,,
1852,6,-0.183,0.273,-0.212,0.194,-0.246,0.189,,,,
1852,7,-0.023,0.394,-0.218,0.184,-0.243,0.184,,,,
1852,8,-0.162,0.418,-0.211,0.167,-0.237,0.176,,,,
1852,9,-0.062,0.34,-0.188,0.167,-0.233,0.174,,,,
1852,10,-0.158,0.189,-0.161,0.168,-0.223,0.175,,,,
1852,11,-0.004,0.517,-0.166,0.165,-0.221,0.174,,,,
1852,12,-0.283,0.445,-0.16,0.168,-0.219,0.17,,,,
1853,1,-0.36,0.329,-0.163,0.175,-0.221,0.167,,,,
1853,2,-0.2,0.358,-0.165,0.193,-0.22,0.166,,,,
1853,3,-0.24,0.33,-0.177,0.186,-0.218,0.165,,,,
1853,4,-0.099,0.202,-0.193,0.2,-0.215,0.165,,,,
1853,5,-0.218,0.283,-0.231,0.181,-0.216,0.171,,,,
1853,6,-0.109,0.396,-0.222,0.183,-0.213,0.172,,,,
1853,7,-0.061,0.374,-0.227,0.195,-0.211,0.172,,,,
1853,8,-0.18,0.473,-0.252,0.204,-0.21,0.172,,,,
1853,9,-0.215,0.311,-0.245,0.227,-0.205,0.171,,,,
1853,10,-0.345,0.269,-0.245,0.234,-0.202,0.17,,,,
1853,11,-0.458,0.251,-0.264,0.23,-0.2,0.171,,,,
1853,12,-0.178,0.377,-0.279,0.23,-0.2,0.169,,,,
1854,1,-0.424,0.552,-0.288,0.233,-0.201,0.173,,,,
1854,2,-0.503,0.399,-0.277,0.234,-0.202,0.172,,,,
1854,3,-0.146,0.477,-0.262,0.247,-0.207,0.171,,,,
1854,4,-0.103,0.342,-0.242,0.26,-0.21,0.169,,,,
1854,5,-0.442,0.402,-0.214,0.271,-0.214,0.169,,,,
1854,6,-0.29,0.354,-0.226,0.272,-0.222,0.165,,,,
1854,7,-0.172,0.309,-0.208,0.25,-0.226,0.164,,,,
1854,8,-0.046,0.367,-0.167,0.223,-0.23,0.16,,,,
1854,9,-0.031,0.276,-0.156,0.203,-0.231,0.162,,,,
1854,10,-0.114,0.33,-0.155,0.206,-0.233,0.163,,,,
1854,11,-0.116,0.32,-0.133,0.193,-0.237,0.166,,,,
1854,12,-0.322,0.601,-0.124,0.178,-0.241,0.164,-0.273,0.171,,
1855,1,-0.215,0.368,-0.137,0.171,-0.248,0.168,-0.272,0.17,,
1855,2,-0.005,0.29,-0.144,0.163,-0.251,0.167,-0.27,0.169,,
1855,3,-0.014,0.377,-0.153,0.172,-0.255,0.168,-0.269,0.169,,
1855,4,-0.088,0.326,-0.146,0.161,-0.257,0.17,-0.264,0.171,,
1855,5,-0.186,0.375,-0.152,0.182,-0.262,0.167,-0.263,0.173,,
1855,6,-0.182,0.295,-0.149,0.177,-0.261,0.164,-0.262,0.174,,
1855,7,-0.325,0.28,-0.153,0.207,-0.265,0.168,-0.263,0.174,,
1855,8,-0.128,0.159,-0.173,0.233,-0.267,0.17,-0.265,0.174,,
1855,9,-0.141,0.328,-0.176,0.225,-0.264,0.173,-0.264,0.173,,
1855,10,-0.032,0.284,-0.206,0.234,-0.269,0.174,-0.265,0.173,,
1855,11,-0.188,0.638,-0.206,0.242,-0.272,0.175,-0.266,0.176,,
1855,12,-0.28,0.527,-0.206,0.258,-0.277,0.177,-0.265,0.179,,
1856,1,-0.267,0.635,-0.193,0.285,-0.281,0.174,-0.265,0.181,,
1856,2,-0.241,0.471,-0.21,0.288,-0.282,0.176,-0.269,0.182,,
1856,3,-0.057,0.373,-0.235,0.3,-0.285,0.181,-0.268,0.184,,
1856,4,-0.448,0.36,-0.257,0.299,-0.283,0.181,-0.264,0.185,,
1856,5,-0.18,0.395,-0.272,0.272,-0.283,0.188,-0.263,0.185,,
1856,6,-0.185,0.366,-0.303,0.25,-0.287,0.192,-0.264,0.185,,
1856,7,-0.173,0.418,-0.322,0.232,-0.288,0.192,-0.265,0.185,,
1856,8,-0.33,0.405,-0.348,0.21,-0.286,0.199,-0.265,0.183,,
1856,9,-0.436,0.335,-0.388,0.211,-0.289,0.19,-0.266,0.183,,
1856,10,-0.299,0.168,-0.4,0.216,-0.29,0.191,-0.268,0.18,,
1856,11,-0.37,0.348,-0.418,0.214,-0.283,0.187,-0.267,0.18,,
1856,12,-0.645,0.528,-0.434,0.235,-0.28,0.189,-0.27,0.178,,
1857,1,-0.504,0.336,-0.456,0.23,-0.284,0.187,-0.272,0.177,,
1857,2,-0.551,0.493,-0.458,0.216,-0.287,0.186,-0.275,0.178,,
1857,3,-0.532,0.176,-0.448,0.213,-0.294,0.189,-0.276,0.179,,
1857,4,-0.599,0.363,-0.446,0.205,-0.296,0.187,-0.275,0.18,,
1857,5,-0.391,0.407,-0.441,0.192,-0.298,0.188,-0.276,0.181,,
1857,6,-0.378,0.223,-0.408,0.168,-0.3,0.189,-0.277,0.178,,
1857,7,-0.438,0.38,-0.413,0.185,-0.3,0.188,-0.28,0.179,,
1857,8,-0.349,0.31,-0.393,0.183,-0.304,0.193,-0.282,0.178,,
1857,9,-0.319,0.251,-0.356,0.183,-0.305,0.192,-0.284,0.179,,
1857,10,-0.275,0.253,-0.337,0.186,-0.306,0.192,-0.284,0.18,,
1857,11,-0.307,0.443,-0.339,0.181,-0.304,0.196,-0.289,0.179,,
1857,12,-0.254,0.329,-0.343,0.207,-0.305,0.2,-0.293,0.179,,
1858,1,-0.559,0.396,-0.329,0.193,-0.305,0.203,-0.294,0.182,,
1858,2,-0.318,0.383,-0.322,0.204,-0.31,0.203,-0.296,0.185,,
1858,3,-0.087,0.184,-0.326,0.22,-0.311,0.202,-0.296,0.185,,
1858,4,-0.362,0.254,-0.326,0.227,-0.315,0.2,-0.297,0.186,,
1858,5,-0.421,0.328,-0.334,0.236,-0.316,0.199,-0.298,0.186,,
1858,6,-0.426,0.477,-0.35,0.261,-0.318,0.201,-0.301,0.183,,
1858,7,-0.275,0.301,-0.344,0.266,-0.318,0.204,-0.303,0.182,,
1858,8,-0.265,0.386,-0.349,0.313,-0.327,0.206,-0.306,0.182,,
1858,9,-0.366,0.504,-0.371,0.302,-0.332,0.211,-0.308,0.185,,
1858,10,-0.269,0.289,-0.35,0.3,-0.325,0.213,-0.308,0.185,,
1858,11,-0.408,0.539,-0.319,0.303,-0.327,0.212,-0.307,0.186,,
1858,12,-0.439,0.67,-0.291,0.291,-0.327,0.212,-0.308,0.186,,
1859,1,-0.495,0.46,-0.302,0.307,-0.329,0.209,-0.308,0.186,,
1859,2,-0.375,0.699,-0.3,0.306,-0.328,0.207,-0.309,0.186,,
1859,3,-0.346,0.477,-0.309,0.294,-0.325,0.208,-0.311,0.184,,
1859,4,-0.116,0.421,-0.305,0.288,-0.326,0.206,-0.315,0.183,,
1859,5,-0.048,0.318,-0.293,0.282,-0.32,0.205,-0.313,0.181,,
1859,6,-0.094,0.448,-0.289,0.267,-0.318,0.209,-0.312,0.181,,
1859,7,-0.405,0.458,-0.269,0.249,-0.319,0.211,-0.311,0.181,,
1859,8,-0.235,0.324,-0.256,0.214,-0.32,0.217,-0.314,0.181,,
1859,9,-0.479,0.32,-0.237,0.222,-0.321,0.219,-0.316,0.182,,
1859,10,-0.217,0.329,-0.237,0.214,-0.317,0.219,-0.317,0.182,,
1859,11,-0.268,0.497,-0.241,0.227,-0.315,0.217,-0.318,0.183,,
1859,12,-0.387,0.525,-0.253,0.233,-0.314,0.214,-0.319,0.182,-0.26,0.176
1860,1,-0.263,0.286,-0.246,0.224,-0.313,0.213,-0.318,0.184,-0.26,0.176
1860,2,-0.216,0.346,-0.259,0.214,-0.313,0.211,-0.318,0.188,-0.26,0.174
1860,3,-0.111,0.402,-0.235,0.202,-0.314,0.213,-0.319,0.189,-0.259,0.175
1860,4,-0.117,0.358,-0.241,0.195,-0.312,0.212,-0.32,0.19,-0.256,0.176
1860,5,-0.097,0.462,-0.24,0.22,-0.316,0.211,-0.32,0.189,-0.255,0.177
1860,6,-0.241,0.346,-0.24,0.239,-0.324,0.211,-0.319,0.192,-0.255,0.176
1860,7,-0.315,0.433,-0.241,0.27,-0.323,0.212,-0.315,0.195,-0.255,0.177
1860,8,-0.402,0.317,-0.289,0.268,-0.325,0.213,-0.315,0.195,-0.255,0.178
1860,9,-0.19,0.365,-0.308,0.294,-0.328,0.21,-0.313,0.195,-0.255,0.179
1860,10,-0.28,0.362,-0.301,0.323,-0.326,0.21,-0.314,0.196,-0.256,0.179
1860,11,-0.263,0.564,-0.318,0.323,-0.324,0.21,-0.313,0.194,-0.257,0.181
1860,12,-0.386,0.557,-0.312,0.306,-0.324,0.204,-0.312,0.196,-0.257,0.181
1861,1,-0.274,0.582,-0.313,0.3,-0.326,0.203,-0.311,0.194,-0.257,0.181
1861,2,-0.796,0.414,-0.301,0.292,-0.329,0.201,-0.311,0.192,-0.257,0.18
1861,3,-0.33,0.596,-0.304,0.302,-0.331,0.201,-0.312,0.195,-0.255,0.179
1861,4,-0.037,0.472,-0.314,0.287,-0.332,0.2,-0.31,0.194,-0.254,0.179
1861,5,-0.299,0.482,-0.291,0.262,-0.331,0.197,-0.314,0.194,-0.252,0.179
1861,6,-0.174,0.248,-0.304,0.256,-0.329,0.193,-0.314,0.196,-0.252,0.179
1861,7,-0.322,0.36,-0.326,0.231,-0.328,0.193,-0.314,0.194,-0.252,0.18
1861,8,-0.263,0.266,-0.314,0.224,-0.331,0.187,-0.312,0.192,-0.252,0.18
1861,9,-0.223,0.417,-0.334,0.204,-0.333,0.191,-0.311,0.192,-0.252,0.18
1861,10,-0.4,0.359,-0.36,0.188,-0.34,0.188,-0.31,0.191,-0.253,0.181
1861,11,0.01,0.424,-0.356,0.184,-0.344,0.187,-0.306,0.191,-0.253,0.18
1861,12,-0.536,0.53,-0.369,0.181,-0.344,0.185,-0.3,0.192,-0.254,0.178
1862,1,-0.549,0.382,-0.376,0.193,-0.339,0.184,-0.298,0.194,-0.253,0.178
1862,2,-0.646,0.379,-0.384,0.2,-0.341,0.182,-0.297,0.195,-0.252,0.178
1862,3,-0.569,0.348,-0.393,0.219,-0.338,0.181,-0.294,0.195,-0.251,0.178
1862,4,-0.345,0.437,-0.373,0.209,-0.339,0.182,-0.292,0.194,-0.251,0.178
1862,5,-0.256,0.31,-0.419,0.206,-0.338,0.185,-0.292,0.193,-0.25,0.179
1862,6,-0.326,0.429,-0.438,0.237,-0.338,0.183,-0.291,0.193,-0.25,0.179
1862,7,-0.406,0.411,-0.433,0.25,-0.335,0.186,-0.29,0.193,-0.251,0.179
1862,8,-0.363,0.308,-0.419,0.264,-0.333,0.189,-0.291,0.192,-0.25,0.179
1862,9,-0.331,0.511,-0.393,0.265,-0.332,0.192,-0.29,0.193,-0.25,0.179
1862,10,-0.162,0.377,-0.381,0.254,-0.334,0.195,-0.289,0.192,-0.25,0.18
1862,11,-0.542,0.386,-0.384,0.243,-0.336,0.191,-0.289,0.194,-0.252,0.18
1862,12,-0.765,0.525,-0.395,0.235,-0.333,0.193,-0.29,0.195,-0.252,0.18
1863,1,-0.48,0.57,-0.392,0.22,-0.325,0.196,-0.288,0.196,-0.252,0.18
1863,2,-0.477,0.555,-0.402,0.21,-0.319,0.196,-0.287,0.198,-0.252,0.182
1863,3,-0.259,0.394,-0.413,0.208,-0.315,0.198,-0.287,0.198,-0.251,0.182
1863,4,-0.209,0.321,-0.428,0.216,-0.313,0.201,-0.284,0.199,-0.252,0.183
1863,5,-0.287,0.308,-0.411,0.206,-0.311,0.202,-0.281,0.2,-0.252,0.183
1863,6,-0.456,0.433,-0.374,0.196,-0.306,0.204,-0.278,0.198,-0.253,0.183
1863,7,-0.375,0.334,-0.371,0.198,-0.304,0.2,-0.276,0.199,-0.253,0.183
1863,8,-0.486,0.355,-0.378,0.187,-0.295,0.195,-0.275,0.197,-0.253,0.183
1863,9,-0.464,0.446,-0.396,0.191,-0.292,0.196,-0.273,0.196,-0.253,0.183
1863,10,-0.342,0.445,-0.423,0.179,-0.296,0.195,-0.269,0.196,-0.253,0.183
1863,11,-0.329,0.332,-0.421,0.175,-0.302,0.197,-0.266,0.197,-0.252,0.183
1863,12,-0.324,0.568,-0.392,0.186,-0.302,0.203,-0.263,0.197,-0.253,0.182
1864,1,-0.447,0.585,-0.367,0.196,-0.298,0.203,-0.259,0.196,-0.252,0.182
1864,2,-0.556,0.428,-0.356,0.194,-0.296,0.201,-0.256,0.194,-0.252,0.181
1864,3,-0.483,0.443,-0.342,0.192,-0.297,0.202,-0.255,0.197,-0.253,0.18
1864,4,-0.528,0.342,-0.337,0.21,-0.294,0.202,-0.254,0.197,-0.255,0.18
1864,5,-0.268,0.331,-0.328,0.219,-0.292,0.202,-0.254,0.199,-0.255,0.18
1864,6,-0.105,0.423,-0.332,0.201,-0.281,0.201,-0.254,0.197,-0.256,0.179
1864,7,-0.072,0.36,-0.305,0.212,-0.278,0.201,-0.253,0.198,-0.256,0.179
1864,8,-0.359,0.227,-0.263,0.228,-0.274,0.199,-0.253,0.199,-0.257,0.179
1864,9,-0.295,0.318,-0.231,0.232,-0.268,0.197,-0.251,0.199,-0.257,0.179
1864,10,-0.28,0.386,-0.202,0.247,-0.268,0.196,-0.252,0.199,-0.259,0.178
1864,11,-0.219,0.469,-0.199,0.241,-0.269,0.196,-0.249,0.2,-0.26,0.178
1864,12,-0.372,0.602,-0.199,0.252,-0.269,0.196,-0.248,0.198,-0.26,0.177
1865,1,-0.126,0.656,-0.176,0.267,-0.268,0.198,-0.249,0.197,-0.26,0.176
1865,2,-0.046,0.559,-0.153,0.261,-0.27,0.197,-0.249,0.194,-0.26,0.176
1865,3,-0.1,0.341,-0.124,0.272,-0.267,0.195,-0.249,0.194,-0.262,0.176
1865,4,-0.187,0.372,-0.113,0.279,-0.267,0.197,-0.248,0.195,-0.263,0.175
1865,5,-0.223,0.506,-0.104,0.285,-0.262,0.201,-0.248,0.194,-0.263,0.175
1865,6,-0.104,0.469,-0.083,0.311,-0.256,0.204,-0.248,0.191,-0.264,0.175
1865,7,0.197,0.498,-0.086,0.305,-0.253,0.203,-0.247,0.192,-0.263,0.175
1865,8,-0.083,0.337,-0.1,0.278,-0.249,0.202,-0.245,0.194,-0.263,0.175
1865,9,0.052,0.379,-0.104,0.259,-0.245,0.202,-0.246,0.196,-0.263,0.176
1865,10,-0.144,0.622,-0.112,0.264,-0.242,0.203,-0.247,0.197,-0.263,0.175
1865,11,-0.11,0.567,-0.149,0.261,-0.238,0.207,-0.248,0.196,-0.263,0.174
1865,12,-0.124,0.782,-0.157,0.274,-0.233,0.209,-0.249,0.193,-0.264,0.174
1866,1,-0.16,0.707,-0.18,0.25,-0.227,0.211,-0.249,0.191,-0.264,0.173
1866,2,-0.21,0.41,-0.182,0.251,-0.221,0.209,-0.245,0.188,-0.264,0.173
1866,3,-0.148,0.679,-0.212,0.251,-0.214,0.206,-0.242,0.187,-0.264,0.173
1866,4,-0.283,0.637,-0.216,0.237,-0.206,0.208,-0.243,0.187,-0.264,0.173
1866,5,-0.666,0.442,-0.199,0.227,-0.202,0.213,-0.24,0.186,-0.265,0.172
1866,6,-0.198,0.491,-0.179,0.233,-0.197,0.218,-0.241,0.187,-0.266,0.172
1866,7,-0.085,0.293,-0.194,0.267,-0.191,0.219,-0.239,0.189,-0.266,0.17
1866,8,-0.106,0.403,-0.213,0.257,-0.18,0.221,-0.238,0.192,-0.265,0.17
1866,9,-0.315,0.481,-0.216,0.249,-0.176,0.223,-0.239,0.192,-0.265,0.169
1866,10,-0.189,0.609,-0.22,0.247,-0.168,0.225,-0.237,0.194,-0.264,0.169
1866,11,0.101,0.44,-0.193,0.234,-0.164,0.228,-0.24,0.192,-0.264,0.169
1866,12,0.105,0.464,-0.202,0.216,-0.164,0.228,-0.237,0.19,-0.262,0.169
1867,1,-0.334,0.703,-0.223,0.24,-0.167,0.229,-0.234,0.189,-0.26,0.168
1867,2,-0.437,0.559,-0.254,0.238,-0.166,0.232,-0.23,0.188,-0.258,0.169
1867,3,-0.184,0.403,-0.241,0.239,-0.164,0.234,-0.227,0.187,-0.255,0.169
1867,4,-0.337,0.292,-0.239,0.22,-0.165,0.231,-0.226,0.187,-0.253,0.169
1867,5,-0.336,0.383,-0.267,0.213,-0.161,0.231,-0.225,0.188,-0.252,0.169
1867,6,-0.307,0.298,-0.313,0.218,-0.158,0.231,-0.224,0.19,-0.251,0.168
1867,7,-0.333,0.589,-0.307,0.216,-0.162,0.226,-0.221,0.189,-0.248,0.167
1867,8,-0.478,0.317,-0.292,0.236,-0.165,0.215,-0.218,0.188,-0.246,0.167
1867,9,-0.164,0.346,-0.281,0.243,-0.166,0.213,-0.215,0.188,-0.245,0.167
1867,10,-0.161,0.257,-0.253,0.244,-0.162,0.214,-0.217,0.191,-0.243,0.166
1867,11,-0.241,0.54,-0.231,0.254,-0.161,0.214,-0.216,0.191,-0.242,0.166
1867,12,-0.446,0.71,-0.214,0.256,-0.163,0.207,-0.212,0.192,-0.24,0.166
1868,1,-0.261,0.514,-0.189,0.235,-0.168,0.204,-0.21,0.19,-0.238,0.165
1868,2,-0.26,0.534,-0.161,0.238,-0.171,0.206,-0.207,0.188,-0.236,0.165
1868,3,-0.043,0.395,-0.151,0.244,-0.177,0.207,-0.206,0.189,-0.234,0.166
1868,4,-0.011,0.344,-0.123,0.269,-0.181,0.207,-0.207,0.189,-0.231,0.166
1868,5,-0.062,0.405,-0.111,0.265,-0.186,0.203,-0.206,0.192,-0.23,0.166
1868,6,-0.113,0.288,-0.077,0.258,-0.191,0.197,-0.205,0.193,-0.228,0.164
1868,7,-0.025,0.259,-0.06,0.25,-0.194,0.198,-0.204,0.194,-0.226,0.165
1868,8,-0.152,0.189,-0.032,0.252,-0.195,0.196,-0.2,0.193,-0.225,0.164
1868,9,-0.039,0.356,-0.047,0.264,-0.193,0.193,-0.199,0.192,-0.224,0.163
1868,10,0.175,0.35,-0.051,0.268,-0.191,0.194,-0.198,0.193,-0.223,0.163
1868,11,-0.101,0.52,-0.05,0.286,-0.179,0.19,-0.198,0.192,-0.221,0.162
1868,12,-0.032,0.5,-0.05,0.283,-0.179,0.188,-0.197,0.19,-0.219,0.162
1869,1,-0.06,0.441,-0.068,0.291,-0.179,0.192,-0.196,0.19,-0.217,0.161
1869,2,0.078,0.54,-0.077,0.306,-0.181,0.195,-0.195,0.188,-0.216,0.159
1869,3,-0.22,0.439,-0.093,0.311,-0.18,0.194,-0.195,0.189,-0.214,0.159
1869,4,-0.064,0.291,-0.133,0.311,-0.181,0.198,-0.194,0.19,-0.214,0.159
1869,5,-0.046,0.497,-0.124,0.295,-0.187,0.194,-0.196,0.19,-0.215,0.159
1869,6,-0.111,0.237,-0.135,0.266,-0.193,0.19,-0.199,0.188,-0.216,0.159
1869,7,-0.248,0.476,-0.165,0.241,-0.19,0.186,-0.201,0.188,-0.216,0.158
1869,8,-0.259,0.385,-0.189,0.199,-0.185,0.188,-0.2,0.188,-0.216,0.158
1869,9,-0.232,0.427,-0.184,0.187,-0.186,0.189,-0.199,0.187,-0.215,0.158
1869,10,-0.3,0.181,-0.172,0.189,-0.185,0.191,-0.2,0.186,-0.215,0.157
1869,11,0.006,0.474,-0.184,0.175,-0.18,0.193,-0.201,0.184,-0.214,0.157
1869,12,-0.161,0.279,-0.192,0.166,-0.178,0.196,-0.201,0.184,-0.215,0.156
1870,1,-0.42,0.226,-0.183,0.156,-0.175,0.192,-0.201,0.181,-0.216,0.156
1870,2,-0.206,0.307,-0.18,0.158,-0.166,0.19,-0.203,0.178,-0.216,0.156
1870,3,-0.168,0.318,-0.189,0.155,-0.164,0.192,-0.205,0.179,-0.217,0.156
1870,4,0.078,0.281,-0.196,0.159,-0.167,0.196,-0.207,0.178,-0.217,0.157
1870,5,-0.181,0.219,-0.227,0.145,-0.17,0.194,-0.207,0.178,-0.217,0.155
1870,6,-0.208,0.168,-0.253,0.152,-0.167,0.191,-0.208,0.175,-0.218,0.155
1870,7,-0.141,0.394,-0.244,0.154,-0.167,0.188,-0.211,0.171,-0.218,0.154
1870,8,-0.228,0.32,-0.248,0.182,-0.166,0.184,-0.212,0.17,-0.216,0.154
1870,9,-0.337,0.432,-0.24,0.193,-0.167,0.184,-0.213,0.171,-0.217,0.154
1870,10,-0.39,0.261,-0.259,0.195,-0.171,0.186,-0.212,0.17,-0.217,0.154
1870,11,-0.36,0.386,-0.239,0.21,-0.174,0.187,-0.213,0.169,-0.216,0.154
1870,12,-0.469,0.408,-0.237,0.233,-0.177,0.191,-0.215,0.166,-0.214,0.153
1871,1,-0.32,0.306,-0.235,0.251,-0.18,0.189,-0.216,0.167,-0.214,0.152
1871,2,-0.255,0.673,-0.23,0.267,-0.179,0.19,-0.217,0.168,-0.211,0.151
1871,3,-0.065,0.531,-0.227,0.259,-0.183,0.191,-0.217,0.168,-0.21,0.151
1871,4,-0.148,0.474,-0.215,0.273,-0.191,0.192,-0.217,0.169,-0.21,0.151
1871,5,0.059,0.386,-0.208,0.284,-0.194,0.185,-0.216,0.167,-0.209,0.15
1871,6,-0.192,0.41,-0.185,0.285,-0.198,0.182,-0.218,0.165,-0.209,0.15
1871,7,-0.114,0.48,-0.174,0.271,-0.201,0.182,-0.218,0.164,-0.208,0.15
1871,8,-0.174,0.407,-0.164,0.243,-0.21,0.179,-0.219,0.164,-0.208,0.15
1871,9,-0.294,0.435,-0.178,0.229,-0.214,0.179,-0.219,0.162,-0.208,0.149
1871,10,-0.246,0.427,-0.19,0.223,-0.221,0.181,-0.218,0.162,-0.207,0.148
1871,11,-0.272,0.309,-0.197,0.219,-0.227,0.18,-0.221,0.161,-0.209,0.148
1871,12,-0.204,0.252,-0.199,0.221,-0.234,0.181,-0.224,0.159,-0.207,0.147
1872,1,-0.176,0.348,-0.201,0.206,-0.235,0.182,-0.222,0.157,-0.205,0.146
1872,2,-0.137,0.28,-0.182,0.175,-0.235,0.18,-0.218,0.159,-0.204,0.146
1872,3,-0.238,0.354,-0.16,0.174,-0.233,0.176,-0.216,0.161,-0.202,0.146
1872,4,-0.292,0.378,-0.166,0.159,-0.235,0.177,-0.214,0.161,-0.201,0.145
1872,5,-0.023,0.344,-0.179,0.175,-0.242,0.174,-0.212,0.16,-0.201,0.144
1872,6,-0.214,0.424,-0.184,0.2,-0.244,0.174,-0.21,0.16,-0.201,0.144
1872,7,-0.138,0.274,-0.192,0.21,-0.24,0.172,-0.206,0.158,-0.2,0.143
1872,8,0.054,0.276,-0.196,0.21,-0.24,0.174,-0.202,0.157,-0.2,0.143
1872,9,-0.032,0.428,-0.186,0.211,-0.245,0.176,-0.199,0.157,-0.199,0.142
1872,10,-0.321,0.285,-0.184,0.217,-0.252,0.171,-0.197,0.157,-0.199,0.142
1872,11,-0.432,0.384,-0.202,0.225,-0.252,0.173,-0.195,0.155,-0.198,0.142
1872,12,-0.26,0.406,-0.207,0.223,-0.253,0.174,-0.19,0.153,-0.196,0.142
1873,1,-0.274,0.346,-0.214,0.216,-0.254,0.172,-0.187,0.152,-0.196,0.141
1873,2,-0.182,0.38,-0.226,0.219,-0.253,0.17,-0.184,0.15,-0.195,0.14
1873,3,-0.125,0.284,-0.245,0.206,-0.249,0.166,-0.181,0.151,-0.194,0.139
1873,4,-0.263,0.525,-0.246,0.203,-0.243,0.166,-0.179,0.151,-0.195,0.139
1873,5,-0.235,0.332,-0.233,0.194,-0.24,0.171,-0.178,0.152,-0.195,0.139
1873,6,-0.271,0.303,-0.233,0.174,-0.239,0.173,-0.177,0.153,-0.193,0.139
1873,7,-0.233,0.247,-0.232,0.189,-0.239,0.173,-0.176,0.153,-0.193,0.139
1873,8,-0.084,0.22,-0.252,0.182,-0.239,0.172,-0.175,0.153,-0.192,0.139
1873,9,-0.263,0.282,-0.283,0.182,-0.241,0.169,-0.174,0.154,-0.191,0.138
1873,10,-0.324,0.313,-0.3,0.17,-0.244,0.165,-0.176,0.154,-0.191,0.138
1873,11,-0.277,0.188,-0.315,0.153,-0.254,0.161,-0.176,0.152,-0.191,0.138
1873,12,-0.264,0.224,-0.336,0.136,-0.257,0.16,-0.175,0.154,-0.192,0.137
1874,1,-0.255,0.437,-0.344,0.148,-0.256,0.156,-0.174,0.155,-0.192,0.136
1874,2,-0.429,0.332,-0.355,0.151,-0.257,0.151,-0.176,0.154,-0.19,0.135
1874,3,-0.494,0.204,-0.345,0.146,-0.258,0.149,-0.174,0.153,-0.19,0.135
1874,4,-0.469,0.314,-0.353,0.137,-0.255,0.146,-0.174,0.154,-0.189,0.135
1874,5,-0.414,0.2,-0.362,0.144,-0.255,0.149,-0.176,0.154,-0.19,0.134
1874,6,-0.526,0.218,-0.365,0.143,-0.256,0.151,-0.178,0.155,-0.191,0.134
1874,7,-0.33,0.313,-0.36,0.124,-0.255,0.151,-0.178,0.153,-0.193,0.133
1874,8,-0.211,0.197,-0.341,0.137,-0.251,0.153,-0.179,0.153,-0.193,0.132
1874,9,-0.141,0.266,-0.336,0.162,-0.247,0.153,-0.18,0.153,-0.194,0.132
1874,10,-0.429,0.223,-0.326,0.144,-0.243,0.151,-0.178,0.152,-0.195,0.131
1874,11,-0.387,0.315,-0.308,0.153,-0.243,0.151,-0.18,0.151,-0.195,0.131
1874,12,-0.298,0.236,-0.286,0.154,-0.242,0.148,-0.183,0.152,-0.195,0.132
1875,1,-0.192,0.285,-0.275,0.138,-0.237,0.147,-0.182,0.153,-0.197,0.131
1875,2,-0.199,0.443,-0.274,0.146,-0.237,0.145,-0.184,0.154,-0.198,0.13
1875,3,-0.441,0.422,-0.27,0.148,-0.235,0.142,-0.184,0.153,-0.2,0.129
1875,4,-0.344,0.238,-0.234,0.157,-0.228,0.14,-0.186,0.152,-0.201,0.129
1875,5,-0.199,0.272,-0.217,0.184,-0.219,0.138,-0.186,0.152,-0.201,0.129
1875,6,-0.266,0.257,-0.227,0.223,-0.213,0.136,-0.187,0.154,-0.204,0.128
1875,7,-0.199,0.448,-0.236,0.228,-0.208,0.136,-0.188,0.153,-0.206,0.126
1875,8,-0.198,0.319,-0.243,0.217,-0.202,0.138,-0.188,0.153,-0.208,0.126
1875,9,-0.093,0.455,-0.22,0.194,-0.195,0.14,-0.187,0.152,-0.209,0.126
1875,10,0.006,0.39,-0.219,0.215,-0.186,0.142,-0.186,0.151,-0.21,0.126
1875,11,-0.177,0.466,-0.247,0.218,-0.182,0.141,-0.184,0.153,-0.21,0.125
1875,12,-0.417,0.416,-0.256,0.206,-0.178,0.14,-0.18,0.154,-0.211,0.123
1876,1,-0.311,0.307,-0.246,0.205,-0.172,0.143,-0.179,0.153,-0.212,0.122
1876,2,-0.282,0.316,-0.25,0.2,-0.171,0.146,-0.177,0.153,-0.212,0.122
1876,3,-0.157,0.31,-0.268,0.195,-0.166,0.144,-0.178,0.151,-0.213,0.122
1876,4,-0.332,0.405,-0.278,0.184,-0.161,0.142,-0.176,0.15,-0.213,0.121
1876,5,-0.536,0.382,-0.283,0.171,-0.157,0.144,-0.177,0.149,-0.211,0.12
1876,6,-0.374,0.27,-0.27,0.171,-0.153,0.15,-0.178,0.149,-0.213,0.118
1876,7,-0.078,0.349,-0.254,0.158,-0.147,0.151,-0.178,0.148,-0.213,0.119
1876,8,-0.254,0.225,-0.224,0.145,-0.142,0.152,-0.178,0.145,-0.215,0.118
1876,9,-0.306,0.257,-0.21,0.148,-0.135,0.155,-0.177,0.143,-0.215,0.117
1876,10,-0.111,0.153,-0.188,0.153,-0.128,0.156,-0.176,0.142,-0.216,0.117
1876,11,-0.241,0.233,-0.146,0.151,-0.124,0.158,-0.177,0.142,-0.218,0.116
1876,12,-0.253,0.301,-0.124,0.144,-0.121,0.159,-0.178,0.142,-0.22,0.115
1877,1,-0.121,0.309,-0.106,0.141,-0.121,0.158,-0.177,0.142,-0.222,0.114
1877,2,0.079,0.231,-0.079,0.134,-0.123,0.161,-0.177,0.143,-0.223,0.115
1877,3,0.01,0.327,-0.046,0.139,-0.126,0.161,-0.177,0.141,-0.224,0.115
1877,4,-0.067,0.444,-0.029,0.138,-0.121,0.16,-0.176,0.14,-0.224,0.115
1877,5,-0.033,0.389,-0.001,0.133,-0.117,0.162,-0.178,0.139,-0.225,0.115
1877,6,-0.11,0.216,0.03,0.129,-0.121,0.164,-0.179,0.137,-0.225,0.115
1877,7,0.132,0.271,0.043,0.135,-0.124,0.169,-0.179,0.136,-0.225,0.115
1877,8,0.078,0.206,0.048,0.135,-0.127,0.166,-0.181,0.135,-0.225,0.115
1877,9,0.086,0.316,0.072,0.153,-0.123,0.164,-0.183,0.133,-0.226,0.115
1877,10,0.092,0.257,0.103,0.156,-0.121,0.166,-0.182,0.131,-0.227,0.115
1877,11,0.1,0.195,0.104,0.16,-0.12,0.166,-0.181,0.131,-0.227,0.115
1877,12,0.115,0.318,0.112,0.178,-0.121,0.166,-0.181,0.129,-0.227,0.113
1878,1,0.038,0.221,0.11,0.191,-0.123,0.164,-0.182,0.128,-0.227,0.113
1878,2,0.137,0.363,0.106,0.217,-0.122,0.165,-0.183,0.129,-0.228,0.111
1878,3,0.302,0.417,0.1,0.204,-0.125,0.168,-0.183,0.126,-0.23,0.11
1878,4,0.298,0.522,0.089,0.202,-0.129,0.166,-0.182,0.125,-0.231,0.11
1878,5,-0.015,0.339,0.077,0.209,-0.128,0.163,-0.183,0.124,-0.232,0.109
1878,6,-0.019,0.288,0.069,0.221,-0.121,0.164,-0.182,0.123,-0.232,0.11
1878,7,0.11,0.294,0.07,0.238,-0.12,0.161,-0.182,0.123,-0.233,0.11
1878,8,0.022,0.453,0.05,0.234,-0.114,0.159,-0.184,0.124,-0.234,0.11
1878,9,0.014,0.3,0.021,0.235,-0.115,0.158,-0.184,0.122,-0.234,0.11
1878,10,-0.037,0.287,-0.01,0.232,-0.109,0.159,-0.184,0.121,-0.235,0.11
1878,11,-0.044,0.305,-0.025,0.232,-0.1,0.159,-0.185,0.122,-0.235,0.109
1878,12,0.02,0.486,-0.052,0.23,-0.098,0.159,-0.187,0.121,-0.235,0.109
1879,1,0.049,0.338,-0.088,0.229,-0.1,0.157,-0.188,0.12,-0.235,0.109
1879,2,-0.103,0.231,-0.115,0.228,-0.098,0.156,-0.185,0.121,-0.235,0.108
1879,3,-0.045,0.418,-0.145,0.231,-0.097,0.154,-0.185,0.121,-0.234,0.108
1879,4,-0.074,0.394,-0.151,0.216,-0.097,0.152,-0.184,0.12,-0.233,0.108
1879,5,-0.196,0.291,-0.162,0.199,-0.1,0.15,-0.184,0.121,-0.233,0.109
1879,6,-0.345,0.229,-0.208,0.175,-0.099,0.147,-0.183,0.122,-0.234,0.109
1879,7,-0.312,0.358,-0.244,0.176,-0.098,0.148,-0.184,0.122,-0.233,0.109
1879,8,-0.312,0.397,-0.265,0.19,-0.104,0.148,-0.187,0.122,-0.233,0.108
1879,9,-0.346,0.322,-0.278,0.187,-0.107,0.146,-0.19,0.122,-0.234,0.107
1879,10,-0.1,0.203,-0.291,0.181,-0.109,0.141,-0.189,0.121,-0.234,0.108
1879,11,-0.186,0.24,-0.288,0.174,-0.112,0.138,-0.189,0.121,-0.235,0.107
1879,12,-0.523,0.284,-0.285,0.183,-0.115,0.139,-0.19,0.122,-0.235,0.106
1880,1,-0.389,0.473,-0.285,0.177,-0.121,0.137,-0.192,0.122,-0.235,0.106
1880,2,-0.354,0.33,-0.269,0.165,-0.126,0.138,-0.194,0.12,-0.235,0.105
1880,3,-0.197,0.268,-0.263,0.162,-0.131,0.136,-0.194,0.116,-0.236,0.105
1880,4,-0.231,0.289,-0.274,0.165,-0.136,0.134,-0.195,0.117,-0.238,0.104
1880,5,-0.157,0.235,-0.27,0.168,-0.142,0.134,-0.196,0.117,-0.239,0.105
1880,6,-0.317,0.326,-0.226,0.181,-0.15,0.134,-0.199,0.116,-0.24,0.105
1880,7,-0.306,0.305,-0.214,0.158,-0.156,0.133,-0.201,0.116,-0.241,0.105
1880,8,-0.121,0.353,-0.181,0.155,-0.163,0.133,-0.204,0.116,-0.242,0.105
1880,9,-0.279,0.317,-0.178,0.153,-0.17,0.127,-0.206,0.115,-0.242,0.104
1880,10,-0.232,0.267,-0.159,0.168,-0.179,0.122,-0.207,0.114,-0.242,0.104
1880,11,-0.128,0.265,-0.147,0.175,-0.183,0.122,-0.208,0.111,-0.243,0.104
1880,12,0.001,0.368,-0.143,0.173,-0.185,0.12,-0.206,0.109,-0.242,0.104
1881,1,-0.249,0.245,-0.131,0.17,-0.193,0.118,-0.207,0.107,-0.242,0.104
1881,2,0.045,0.315,-0.13,0.162,-0.198,0.113,-0.207,0.105,-0.244,0.104
1881,3,-0.166,0.301,-0.128,0.148,-0.203,0.11,-0.209,0.104,-0.244,0.103
1881,4,0.001,0.304,-0.122,0.144,-0.208,0.108,-0.208,0.102,-0.245,0.103
1881,5,-0.01,0.332,-0.144,0.145,-0.213,0.107,-0.206,0.101,-0.246,0.102
1881,6,-0.271,0.271,-0.162,0.133,-0.221,0.103,-0.207,0.1,-0.246,0.102
1881,7,-0.168,0.345,-0.146,0.129,-0.228,0.098,-0.209,0.1,-0.247,0.101
1881,8,-0.107,0.11,-0.17,0.116,-0.229,0.099,-0.21,0.101,-0.248,0.101
1881,9,-0.247,0.255,-0.171,0.108,-0.235,0.094,-0.211,0.101,-0.248,0.1
1881,10,-0.165,0.149,-0.187,0.116,-0.24,0.092,-0.213,0.101,-0.248,0.1
1881,11,-0.388,0.137,-0.205,0.116,-0.244,0.09,-0.216,0.102,-0.248,0.101
1881,12,-0.217,0.191,-0.208,0.114,-0.244,0.092,-0.217,0.102,-0.248,0.101
1882,1,-0.06,0.27,-0.213,0.103,-0.248,0.094,-0.221,0.103,-0.248,0.101
1882,2,-0.235,0.159,-0.22,0.112,-0.251,0.092,-0.227,0.103,-0.248,0.101
1882,3,-0.179,0.215,-0.218,0.112,-0.254,0.093,-0.231,0.103,-0.249,0.101
1882,4,-0.194,0.321,-0.223,0.113,-0.257,0.093,-0.233,0.101,-0.249,0.1
1882,5,-0.226,0.285,-0.211,0.114,-0.262,0.092,-0.238,0.101,-0.251,0.101
1882,6,-0.312,0.304,-0.222,0.123,-0.259,0.089,-0.24,0.105,-0.252,0.101
1882,7,-0.229,0.21,-0.244,0.125,-0.259,0.085,-0.244,0.106,-0.254,0.101
1882,8,-0.189,0.25,-0.251,0.133,-0.261,0.085,-0.249,0.107,-0.256,0.101
1882,9,-0.225,0.229,-0.244,0.125,-0.265,0.082,-0.253,0.107,-0.257,0.1
1882,10,-0.216,0.197,-0.247,0.116,-0.268,0.082,-0.257,0.107,-0.258,0.101
1882,11,-0.244,0.154,-0.252,0.117,-0.273,0.083,-0.26,0.108,-0.258,0.101
1882,12,-0.351,0.197,-0.237,0.116,-0.277,0.083,-0.264,0.108,-0.259,0.1
1883,1,-0.327,0.208,-0.246,0.122,-0.28,0.085,-0.267,0.108,-0.261,0.1
1883,2,-0.318,0.201,-0.255,0.114,-0.286,0.087,-0.272,0.106,-0.263,0.1
1883,3,-0.096,0.24,-0.259,0.098,-0.286,0.087,-0.278,0.104,-0.264,0.1
1883,4,-0.229,0.186,-0.269,0.088,-0.286,0.092,-0.284,0.1,-0.264,0.099
1883,5,-0.288,0.286,-0.277,0.096,-0.288,0.094,-0.286,0.099,-0.265,0.099
1883,6,-0.137,0.306,-0.286,0.091,-0.291,0.094,-0.287,0.099,-0.265,0.098
1883,7,-0.331,0.298,-0.291,0.082,-0.294,0.093,-0.29,0.099,-0.265,0.098
1883,8,-0.302,0.221,-0.278,0.081,-0.301,0.091,-0.292,0.097,-0.266,0.099
1883,9,-0.267,0.179,-0.302,0.079,-0.304,0.089,-0.294,0.097,-0.266,0.098
1883,10,-0.337,0.251,-0.317,0.089,-0.308,0.088,-0.294,0.096,-0.266,0.098
1883,11,-0.347,0.255,-0.33,0.092,-0.313,0.084,-0.295,0.095,-0.266,0.098
1883,12,-0.454,0.227,-0.347,0.09,-0.316,0.082,-0.295,0.094,-0.266,0.099
1884,1,-0.388,0.324,-0.362,0.112,-0.318,0.084,-0.296,0.093,-0.267,0.099
1884,2,-0.164,0.207,-0.378,0.126,-0.323,0.087,-0.295,0.093,-0.267,0.099
1884,3,-0.383,0.253,-0.4,0.138,-0.326,0.09,-0.293,0.092,-0.267,0.099
1884,4,-0.411,0.239,-0.399,0.131,-0.329,0.093,-0.292,0.09,-0.266,0.098
1884,5,-0.438,0.251,-0.407,0.125,-0.331,0.097,-0.291,0.09,-0.266,0.098
1884,6,-0.348,0.29,-0.398,0.123,-0.334,0.098,-0.289,0.091,-0.266,0.098
1884,7,-0.509,0.304,-0.401,0.13,-0.344,0.098,-0.288,0.091,-0.265,0.098
1884,8,-0.495,0.285,-0.423,0.149,-0.351,0.101,-0.288,0.092,-0.265,0.098
1884,9,-0.525,0.295,-0.429,0.153,-0.355,0.101,-0.288,0.092,-0.266,0.098
1884,10,-0.328,0.205,-0.43,0.144,-0.358,0.102,-0.289,0.091,-0.265,0.098
1884,11,-0.44,0.29,-0.429,0.142,-0.363,0.101,-0.29,0.091,-0.265,0.098
1884,12,-0.344,0.343,-0.451,0.149,-0.365,0.108,-0.288,0.09,-0.266,0.099
1885,1,-0.426,0.325,-0.447,0.14,-0.367,0.11,-0.288,0.088,-0.267,0.098
1885,2,-0.434,0.46,-0.444,0.138,-0.371,0.111,-0.287,0.088,-0.268,0.098
1885,3,-0.444,0.192,-0.427,0.13,-0.375,0.114,-0.289,0.088,-0.267,0.097
1885,4,-0.435,0.16,-0.418,0.143,-0.377,0.115,-0.29,0.089,-0.267,0.097
1885,5,-0.427,0.236,-0.402,0.138,-0.379,0.117,-0.292,0.089,-0.267,0.098
1885,6,-0.6,0.208,-0.389,0.135,-0.378,0.119,-0.292,0.089,-0.267,0.097
1885,7,-0.463,0.334,-0.389,0.141,-0.379,0.12,-0.293,0.089,-0.267,0.097
1885,8,-0.459,0.274,-0.381,0.136,-0.381,0.117,-0.296,0.093,-0.267,0.097
1885,9,-0.33,0.3,-0.377,0.139,-0.386,0.12,-0.297,0.093,-0.268,0.097
1885,10,-0.211,0.323,-0.359,0.151,-0.388,0.121,-0.298,0.094,-0.269,0.096
1885,11,-0.258,0.145,-0.347,0.132,-0.389,0.122,-0.301,0.095,-0.269,0.095
1885,12,-0.179,0.173,-0.336,0.132,-0.389,0.124,-0.304,0.095,-0.268,0.094
1886,1,-0.424,0.416,-0.322,0.14,-0.388,0.126,-0.305,0.095,-0.268,0.094
1886,2,-0.343,0.345,-0.316,0.144,-0.387,0.128,-0.31,0.095,-0.267,0.094
1886,3,-0.392,0.269,-0.324,0.142,-0.386,0.128,-0.311,0.094,-0.268,0.094
1886,4,-0.217,0.182,-0.338,0.138,-0.381,0.125,-0.313,0.095,-0.267,0.093
1886,5,-0.287,0.225,-0.358,0.152,-0.377,0.122,-0.315,0.094,-0.266,0.093
1886,6,-0.466,0.227,-0.377,0.172,-0.37,0.121,-0.315,0.094,-0.265,0.093
1886,7,-0.304,0.248,-0.398,0.172,-0.365,0.122,-0.317,0.094,-0.265,0.093
1886,8,-0.384,0.283,-0.421,0.174,-0.361,0.122,-0.319,0.095,-0.264,0.094
1886,9,-0.426,0.14,-0.425,0.167,-0.351,0.122,-0.318,0.095,-0.263,0.094
1886,10,-0.375,0.213,-0.437,0.17,-0.344,0.122,-0.319,0.097,-0.263,0.095
1886,11,-0.503,0.323,-0.457,0.182,-0.337,0.121,-0.319,0.097,-0.263,0.095
1886,12,-0.398,0.388,-0.456,0.199,-0.335,0.124,-0.318,0.096,-0.262,0.095
1887,1,-0.679,0.323,-0.458,0.195,-0.329,0.121,-0.32,0.095,-0.262,0.095
1887,2,-0.616,0.316,-0.463,0.187,-0.326,0.121,-0.319,0.095,-0.263,0.095
1887,3,-0.444,0.282,-0.466,0.194,-0.323,0.118,-0.321,0.095,-0.263,0.095
1887,4,-0.356,0.29,-0.463,0.189,-0.321,0.117,-0.323,0.094,-0.263,0.094
1887,5,-0.532,0.195,-0.447,0.187,-0.319,0.116,-0.324,0.095,-0.263,0.095
1887,6,-0.458,0.377,-0.439,0.183,-0.317,0.114,-0.325,0.097,-0.263,0.096
1887,7,-0.324,0.414,-0.417,0.176,-0.316,0.113,-0.328,0.098,-0.264,0.096
1887,8,-0.45,0.233,-0.404,0.155,-0.314,0.11,-0.33,0.099,-0.264,0.096
1887,9,-0.45,0.248,-0.4,0.143,-0.313,0.111,-0.331,0.099,-0.265,0.096
1887,10,-0.342,0.24,-0.399,0.138,-0.312,0.114,-0.333,0.101,-0.266,0.096
1887,11,-0.32,0.279,-0.381,0.135,-0.31,0.111,-0.336,0.102,-0.268,0.096
1887,12,-0.293,0.362,-0.353,0.122,-0.307,0.109,-0.338,0.102,-0.269,0.095
1888,1,-0.413,0.326,-0.351,0.122,-0.307,0.108,-0.341,0.102,-0.27,0.095
1888,2,-0.459,0.357,-0.333,0.117,-0.306,0.111,-0.343,0.102,-0.272,0.094
1888,3,-0.401,0.23,-0.312,0.101,-0.309,0.111,-0.345,0.103,-0.275,0.094
1888,4,-0.347,0.262,-0.288,0.1,-0.31,0.108,-0.346,0.104,-0.278,0.092
1888,5,-0.319,0.183,-0.271,0.094,-0.314,0.11,-0.346,0.105,-0.279,0.091
1888,6,-0.113,0.219,-0.25,0.087,-0.317,0.111,-0.348,0.105,-0.279,0.09
1888,7,-0.299,0.237,-0.221,0.097,-0.316,0.108,-0.347,0.106,-0.281,0.091
1888,8,-0.235,0.22,-0.175,0.116,-0.32,0.109,-0.347,0.107,-0.282,0.09
1888,9,-0.2,0.101,-0.127,0.117,-0.318,0.109,-0.348,0.107,-0.283,0.09
1888,10,-0.051,0.188,-0.094,0.102,-0.319,0.11,-0.347,0.107,-0.285,0.09
1888,11,-0.124,0.202,-0.072,0.099,-0.318,0.113,-0.347,0.107,-0.286,0.09
1888,12,-0.033,0.166,-0.078,0.107,-0.313,0.114,-0.346,0.108,-0.288,0.09
1889,1,-0.064,0.299,-0.068,0.101,-0.315,0.113,-0.347,0.107,-0.289,0.09
1889,2,0.093,0.281,-0.072,0.105,-0.314,0.11,-0.349,0.108,-0.29,0.09
1889,3,0.172,0.232,-0.084,0.095,-0.311,0.109,-0.349,0.107,-0.291,0.089
1889,4,0.048,0.134,-0.099,0.096,-0.308,0.108,-0.348,0.106,-0.292,0.088
1889,5,-0.06,0.351,-0.117,0.106,-0.306,0.105,-0.348,0.106,-0.292,0.088
1889,6,-0.186,0.354,-0.129,0.1,-0.302,0.103,-0.348,0.106,-0.292,0.088
1889,7,-0.178,0.301,-0.156,0.095,-0.295,0.1,-0.346,0.105,-0.291,0.089
1889,8,-0.284,0.29,-0.188,0.103,-0.288,0.096,-0.343,0.105,-0.29,0.089
1889,9,-0.345,0.164,-0.239,0.107,-0.287,0.094,-0.342,0.104,-0.289,0.09
1889,10,-0.224,0.235,-0.27,0.115,-0.287,0.093,-0.342,0.104,-0.289,0.09
1889,11,-0.343,0.086,-0.295,0.106,-0.285,0.096,-0.341,0.104,-0.288,0.09
1889,12,-0.175,0.095,-0.312,0.102,-0.285,0.093,-0.342,0.104,-0.286,0.09
1890,1,-0.389,0.227,-0.336,0.106,-0.289,0.092,-0.342,0.103,-0.286,0.089
1890,2,-0.297,0.272,-0.347,0.1,-0.288,0.092,-0.342,0.102,-0.284,0.089
1890,3,-0.433,0.229,-0.357,0.112,-0.287,0.091,-0.341,0.102,-0.283,0.089
1890,4,-0.33,0.339,-0.362,0.104,-0.289,0.092,-0.34,0.104,-0.283,0.09
1890,5,-0.351,0.191,-0.378,0.114,-0.294,0.094,-0.338,0.103,-0.283,0.091
1890,6,-0.401,0.151,-0.393,0.12,-0.298,0.093,-0.335,0.104,-0.282,0.091
1890,7,-0.458,0.354,-0.39,0.124,-0.303,0.095,-0.333,0.103,-0.281,0.092
1890,8,-0.417,0.296,-0.413,0.14,-0.304,0.098,-0.331,0.103,-0.281,0.093
1890,9,-0.463,0.277,-0.398,0.139,-0.303,0.1,-0.33,0.102,-0.28,0.093
1890,10,-0.29,0.188,-0.394,0.143,-0.303,0.099,-0.33,0.101,-0.279,0.093
1890,11,-0.532,0.338,-0.382,0.152,-0.304,0.099,-0.33,0.101,-0.279,0.093
1890,12,-0.354,0.156,-0.367,0.165,-0.308,0.097,-0.33,0.101,-0.279,0.093
1891,1,-0.357,0.237,-0.362,0.175,-0.306,0.096,-0.328,0.1,-0.279,0.093
1891,2,-0.569,0.349,-0.356,0.159,-0.308,0.096,-0.327,0.099,-0.28,0.092
1891,3,-0.253,0.209,-0.336,0.15,-0.31,0.095,-0.326,0.098,-0.279,0.091
1891,4,-0.281,0.278,-0.331,0.152,-0.313,0.096,-0.326,0.097,-0.28,0.091
1891,5,-0.215,0.234,-0.316,0.129,-0.316,0.099,-0.326,0.098,-0.28,0.091
1891,6,-0.213,0.316,-0.302,0.136,-0.322,0.101,-0.322,0.099,-0.279,0.091
1891,7,-0.403,0.27,-0.289,0.132,-0.33,0.1,-0.321,0.098,-0.279,0.091
1891,8,-0.344,0.289,-0.26,0.125,-0.338,0.1,-0.318,0.098,-0.279,0.092
1891,9,-0.226,0.129,-0.269,0.131,-0.347,0.097,-0.316,0.099,-0.279,0.092
1891,10,-0.222,0.146,-0.279,0.131,-0.353,0.096,-0.313,0.099,-0.28,0.093
1891,11,-0.357,0.215,-0.295,0.132,-0.358,0.096,-0.31,0.098,-0.279,0.093
1891,12,-0.187,0.282,-0.317,0.138,-0.362,0.094,-0.307,0.098,-0.279,0.092
1892,1,-0.202,0.231,-0.326,0.142,-0.363,0.095,-0.302,0.098,-0.28,0.092
1892,2,-0.221,0.153,-0.333,0.132,-0.361,0.094,-0.298,0.097,-0.28,0.092
1892,3,-0.36,0.279,-0.348,0.142,-0.36,0.096,-0.296,0.097,-0.28,0.092
1892,4,-0.399,0.135,-0.364,0.147,-0.363,0.096,-0.293,0.097,-0.281,0.092
1892,5,-0.402,0.313,-0.388,0.153,-0.362,0.097,-0.289,0.098,-0.281,0.092
1892,6,-0.478,0.272,-0.415,0.155,-0.367,0.098,-0.286,0.096,-0.281,0.093
1892,7,-0.511,0.272,-0.458,0.163,-0.367,0.098,-0.284,0.096,-0.281,0.094
1892,8,-0.427,0.309,-0.486,0.162,-0.371,0.099,-0.28,0.095,-0.282,0.094
1892,9,-0.405,0.24,-0.482,0.154,-0.369,0.099,-0.278,0.094,-0.282,0.094
1892,10,-0.417,0.24,-0.478,0.156,-0.368,0.1,-0.276,0.094,-0.283,0.095
1892,11,-0.646,0.238,-0.475,0.147,-0.366,0.102,-0.275,0.093,-0.284,0.096
1892,12,-0.517,0.22,-0.463,0.131,-0.364,0.106,-0.274,0.092,-0.284,0.095
1893,1,-0.716,0.283,-0.437,0.128,-0.359,0.106,-0.272,0.091,-0.284,0.095
1893,2,-0.552,0.235,-0.431,0.127,-0.355,0.105,-0.271,0.091,-0.284,0.095
1893,3,-0.315,0.158,-0.425,0.125,-0.352,0.107,-0.272,0.092,-0.284,0.095
1893,4,-0.352,0.177,-0.408,0.127,-0.351,0.108,-0.272,0.09,-0.285,0.096
1893,5,-0.364,0.232,-0.382,0.126,-0.345,0.109,-0.272,0.089,-0.286,0.096
1893,6,-0.339,0.182,-0.369,0.131,-0.343,0.11,-0.272,0.089,-0.287,0.096
1893,7,-0.193,0.253,-0.354,0.13,-0.34,0.111,-0.271,0.089,-0.287,0.096
1893,8,-0.359,0.206,-0.343,0.132,-0.335,0.111,-0.272,0.089,-0.288,0.097
1893,9,-0.327,0.178,-0.346,0.129,-0.334,0.112,-0.272,0.091,-0.289,0.097
1893,10,-0.223,0.229,-0.344,0.126,-0.334,0.111,-0.275,0.091,-0.29,0.097
1893,11,-0.333,0.22,-0.342,0.132,-0.334,0.109,-0.277,0.093,-0.291,0.097
1893,12,-0.359,0.281,-0.351,0.129,-0.331,0.109,-0.28,0.092,-0.291,0.097
1894,1,-0.535,0.24,-0.353,0.125,-0.326,0.112,-0.282,0.092,-0.293,0.097
1894,2,-0.414,0.338,-0.336,0.121,-0.321,0.11,-0.285,0.092,-0.295,0.097
1894,3,-0.36,0.265,-0.337,0.117,-0.32,0.113,-0.289,0.091,-0.295,0.098
1894,4,-0.317,0.132,-0.348,0.112,-0.317,0.114,-0.291,0.091,-0.295,0.098
1894,5,-0.348,0.257,-0.346,0.107,-0.313,0.114,-0.292,0.091,-0.296,0.097
1894,6,-0.444,0.244,-0.354,0.097,-0.311,0.114,-0.294,0.09,-0.296,0.097
1894,7,-0.222,0.242,-0.345,0.096,-0.309,0.114,-0.294,0.091,-0.296,0.097
1894,8,-0.151,0.25,-0.351,0.099,-0.308,0.115,-0.292,0.091,-0.296,0.097
1894,9,-0.34,0.18,-0.348,0.123,-0.305,0.113,-0.29,0.093,-0.296,0.096
1894,10,-0.354,0.191,-0.344,0.137,-0.299,0.113,-0.288,0.093,-0.296,0.096
1894,11,-0.305,0.144,-0.337,0.134,-0.293,0.114,-0.285,0.094,-0.296,0.096
1894,12,-0.462,0.159,-0.32,0.133,-0.286,0.112,-0.285,0.094,-0.296,0.096
1895,1,-0.427,0.189,-0.316,0.122,-0.279,0.112,-0.284,0.095,-0.295,0.096
1895,2,-0.48,0.282,-0.321,0.121,-0.272,0.11,-0.28,0.095,-0.296,0.096
1895,3,-0.331,0.198,-0.314,0.127,-0.268,0.108,-0.277,0.096,-0.296,0.097
1895,4,-0.268,0.176,-0.303,0.129,-0.263,0.106,-0.275,0.096,-0.296,0.097
1895,5,-0.254,0.33,-0.293,0.131,-0.256,0.103,-0.274,0.098,-0.296,0.097
1895,6,-0.246,0.239,-0.276,0.136,-0.251,0.099,-0.271,0.099,-0.294,0.097
1895,7,-0.171,0.358,-0.255,0.144,-0.241,0.095,-0.268,0.1,-0.293,0.096
1895,8,-0.208,0.227,-0.234,0.138,-0.239,0.093,-0.266,0.1,-0.293,0.097
1895,9,-0.261,0.277,-0.226,0.135,-0.241,0.093,-0.262,0.1,-0.292,0.096
1895,10,-0.22,0.185,-0.226,0.127,-0.24,0.091,-0.26,0.1,-0.293,0.095
1895,11,-0.189,0.274,-0.221,0.125,-0.239,0.089,-0.256,0.1,-0.293,0.096
1895,12,-0.26,0.191,-0.205,0.125,-0.237,0.089,-0.254,0.1,-0.293,0.096
1896,1,-0.167,0.271,-0.199,0.132,-0.237,0.09,-0.253,0.1,-0.292,0.096
1896,2,-0.231,0.174,-0.184,0.135,-0.236,0.089,-0.249,0.101,-0.291,0.096
1896,3,-0.234,0.172,-0.177,0.131,-0.234,0.091,-0.248,0.101,-0.29,0.095
1896,4,-0.268,0.145,-0.162,0.134,-0.237,0.09,-0.246,0.1,-0.29,0.095
1896,5,-0.195,0.168,-0.156,0.128,-0.237,0.09,-0.244,0.1,-0.29,0.096
1896,6,-0.061,0.266,-0.138,0.126,-0.238,0.088,-0.244,0.1,-0.288,0.097
1896,7,-0.098,0.355,-0.131,0.118,-0.234,0.088,-0.242,0.101,-0.288,0.096
1896,8,-0.024,0.195,-0.129,0.128,-0.232,0.087,-0.24,0.1,-0.287,0.095
1896,9,-0.177,0.257,-0.12,0.129,-0.231,0.089,-0.24,0.101,-0.286,0.095
1896,10,-0.037,0.212,-0.102,0.143,-0.23,0.091,-0.24,0.101,-0.286,0.094
1896,11,-0.124,0.22,-0.089,0.152,-0.227,0.089,-0.24,0.101,-0.285,0.094
1896,12,-0.044,0.262,-0.092,0.148,-0.225,0.09,-0.241,0.1,-0.284,0.093
1897,1,-0.084,0.238,-0.088,0.15,-0.225,0.09,-0.241,0.1,-0.283,0.092
1897,2,-0.206,0.214,-0.09,0.143,-0.223,0.09,-0.24,0.1,-0.283,0.092
1897,3,-0.127,0.167,-0.086,0.125,-0.219,0.092,-0.24,0.1,-0.282,0.091
1897,4,-0.043,0.224,-0.094,0.114,-0.214,0.092,-0.239,0.1,-0.282,0.091
1897,5,-0.038,0.277,-0.103,0.104,-0.209,0.093,-0.238,0.1,-0.282,0.091
1897,6,-0.106,0.197,-0.116,0.089,-0.203,0.092,-0.237,0.1,-0.282,0.091
1897,7,-0.045,0.256,-0.117,0.079,-0.2,0.095,-0.235,0.102,-0.282,0.09
1897,8,-0.044,0.212,-0.136,0.074,-0.19,0.094,-0.234,0.103,-0.282,0.09
1897,9,-0.139,0.13,-0.162,0.073,-0.186,0.095,-0.233,0.104,-0.282,0.09
1897,10,-0.123,0.169,-0.186,0.07,-0.183,0.096,-0.233,0.104,-0.282,0.091
1897,11,-0.236,0.127,-0.209,0.064,-0.181,0.097,-0.232,0.104,-0.282,0.091
1897,12,-0.204,0.224,-0.214,0.065,-0.178,0.097,-0.231,0.103,-0.283,0.091
1898,1,-0.094,0.193,-0.227,0.061,-0.178,0.097,-0.227,0.102,-0.283,0.091
1898,2,-0.431,0.194,-0.251,0.062,-0.176,0.099,-0.224,0.102,-0.283,0.092
1898,3,-0.443,0.164,-0.257,0.067,-0.173,0.098,-0.224,0.102,-0.284,0.091
1898,4,-0.328,0.197,-0.278,0.078,-0.168,0.097,-0.225,0.103,-0.285,0.091
1898,5,-0.312,0.195,-0.288,0.087,-0.168,0.097,-0.225,0.103,-0.285,0.091
1898,6,-0.167,0.276,-0.306,0.095,-0.165,0.098,-0.225,0.103,-0.286,0.091
1898,7,-0.205,0.283,-0.32,0.098,-0.165,0.099,-0.227,0.104,-0.286,0.091
1898,8,-0.334,0.152,-0.308,0.1,-0.163,0.1,-0.229,0.105,-0.287,0.091
1898,9,-0.209,0.246,-0.296,0.092,-0.161,0.1,-0.231,0.104,-0.288,0.091
1898,10,-0.372,0.16,-0.29,0.099,-0.157,0.101,-0.233,0.104,-0.289,0.091
1898,11,-0.359,0.26,-0.28,0.108,-0.155,0.103,-0.235,0.103,-0.291,0.092
1898,12,-0.422,0.233,-0.294,0.116,-0.156,0.105,-0.237,0.101,-0.293,0.092
1899,1,-0.252,0.252,-0.294,0.113,-0.157,0.105,-0.238,0.102,-0.296,0.092
1899,2,-0.294,0.17,-0.271,0.122,-0.159,0.108,-0.24,0.101,-0.299,0.092
1899,3,-0.294,0.19,-0.261,0.125,-0.16,0.106,-0.241,0.103,-0.302,0.091
1899,4,-0.264,0.153,-0.235,0.13,-0.164,0.107,-0.243,0.104,-0.304,0.091
1899,5,-0.187,0.173,-0.202,0.128,-0.167,0.108,-0.244,0.103,-0.306,0.09
1899,6,-0.333,0.233,-0.18,0.128,-0.171,0.108,-0.244,0.103,-0.307,0.089
1899,7,-0.209,0.325,-0.18,0.14,-0.173,0.108,-0.246,0.103,-0.308,0.089
1899,8,-0.055,0.258,-0.145,0.142,-0.171,0.11,-0.248,0.103,-0.309,0.089
1899,9,-0.097,0.29,-0.125,0.159,-0.175,0.112,-0.25,0.103,-0.309,0.09
1899,10,-0.052,0.247,-0.112,0.165,-0.179,0.114,-0.25,0.103,-0.309,0.09
1899,11,0.031,0.245,-0.108,0.178,-0.183,0.113,-0.25,0.104,-0.309,0.09
1899,12,-0.157,0.226,-0.086,0.175,-0.187,0.115,-0.25,0.105,-0.311,0.09
1900,1,-0.247,0.333,-0.081,0.172,-0.191,0.117,-0.249,0.106,-0.311,0.09
1900,2,0.128,0.29,-0.085,0.18,-0.196,0.12,-0.251,0.107,-0.311,0.09
1900,3,-0.054,0.322,-0.083,0.174,-0.198,0.122,-0.252,0.108,-0.312,0.09
1900,4,-0.107,0.247,-0.074,0.168,-0.203,0.123,-0.253,0.109,-0.312,0.09
1900,5,-0.147,0.339,-0.09,0.154,-0.207,0.125,-0.253,0.108,-0.312,0.091
1900,6,-0.068,0.194,-0.082,0.161,-0.211,0.125,-0.253,0.108,-0.313,0.091
1900,7,-0.149,0.219,-0.079,0.152,-0.213,0.126,-0.254,0.108,-0.312,0.091
1900,8,-0.102,0.252,-0.099,0.154,-0.21,0.13,-0.254,0.109,-0.312,0.091
1900,9,-0.069,0.206,-0.103,0.142,-0.207,0.129,-0.255,0.109,-0.312,0.09
1900,10,0.051,0.137,-0.097,0.13,-0.21,0.134,-0.255,0.109,-0.312,0.091
1900,11,-0.157,0.118,-0.088,0.129,-0.211,0.137,-0.256,0.11,-0.312,0.09
1900,12,-0.06,0.195,-0.094,0.139,-0.214,0.139,-0.255,0.111,-0.313,0.09
1901,1,-0.22,0.201,-0.094,0.131,-0.218,0.139,-0.255,0.113,-0.314,0.09
1901,2,-0.103,0.245,-0.098,0.137,-0.223,0.143,-0.256,0.114,-0.314,0.09
1901,3,-0.099,0.271,-0.111,0.14,-0.227,0.141,-0.255,0.114,-0.316,0.09
1901,4,-0.039,0.159,-0.139,0.151,-0.229,0.142,-0.253,0.115,-0.317,0.089
1901,5,-0.038,0.248,-0.154,0.16,-0.233,0.14,-0.254,0.116,-0.318,0.089
1901,6,-0.147,0.284,-0.168,0.158,-0.235,0.139,-0.255,0.116,-0.319,0.088
1901,7,-0.149,0.264,-0.17,0.161,-0.242,0.141,-0.255,0.115,-0.32,0.087
1901,8,-0.148,0.262,-0.168,0.175,-0.249,0.141,-0.257,0.116,-0.32,0.087
1901,9,-0.22,0.204,-0.189,0.183,-0.252,0.143,-0.257,0.114,-0.321,0.087
1901,10,-0.291,0.245,-0.209,0.193,-0.255,0.144,-0.259,0.115,-0.321,0.087
1901,11,-0.333,0.236,-0.231,0.19,-0.261,0.144,-0.26,0.115,-0.321,0.088
1901,12,-0.234,0.272,-0.245,0.198,-0.263,0.144,-0.262,0.114,-0.32,0.087
1902,1,-0.238,0.266,-0.258,0.212,-0.267,0.142,-0.265,0.113,-0.32,0.088
1902,2,-0.085,0.302,-0.274,0.224,-0.274,0.142,-0.267,0.113,-0.32,0.088
1902,3,-0.35,0.248,-0.276,0.228,-0.28,0.139,-0.269,0.113,-0.32,0.087
1902,4,-0.275,0.257,-0.29,0.221,-0.287,0.139,-0.271,0.113,-0.32,0.087
1902,5,-0.308,0.217,-0.302,0.209,-0.292,0.138,-0.275,0.112,-0.319,0.087
1902,6,-0.308,0.333,-0.318,0.198,-0.296,0.14,-0.278,0.113,-0.318,0.087
1902,7,-0.309,0.36,-0.317,0.194,-0.298,0.14,-0.281,0.112,-0.317,0.087
1902,8,-0.34,0.335,-0.329,0.191,-0.311,0.141,-0.284,0.112,-0.317,0.088
1902,9,-0.244,0.226,-0.322,0.18,-0.318,0.141,-0.286,0.112,-0.318,0.088
1902,10,-0.458,0.189,-0.341,0.179,-0.323,0.142,-0.287,0.113,-0.318,0.088
1902,11,-0.472,0.256,-0.346,0.177,-0.326,0.141,-0.29,0.114,-0.317,0.088
1902,12,-0.426,0.273,-0.351,0.174,-0.329,0.141,-0.291,0.115,-0.317,0.088
1903,1,-0.228,0.177,-0.363,0.162,-0.33,0.14,-0.295,0.116,-0.316,0.088
1903,2,-0.229,0.275,-0.384,0.158,-0.332,0.141,-0.294,0.117,-0.315,0.088
1903,3,-0.264,0.171,-0.403,0.146,-0.336,0.142,-0.296,0.117,-0.316,0.088
1903,4,-0.502,0.24,-0.408,0.145,-0.341,0.142,-0.298,0.119,-0.316,0.088
1903,5,-0.377,0.259,-0.415,0.145,-0.343,0.145,-0.299,0.12,-0.316,0.088
1903,6,-0.364,0.293,-0.428,0.142,-0.345,0.144,-0.301,0.12,-0.317,0.088
1903,7,-0.455,0.234,-0.466,0.149,-0.345,0.144,-0.302,0.119,-0.317,0.088
1903,8,-0.594,0.239,-0.503,0.138,-0.348,0.143,-0.303,0.119,-0.317,0.088
1903,9,-0.468,0.114,-0.522,0.146,-0.348,0.142,-0.304,0.118,-0.318,0.088
1903,10,-0.515,0.208,-0.519,0.136,-0.348,0.143,-0.304,0.118,-0.318,0.088
1903,11,-0.563,0.143,-0.529,0.123,-0.353,0.142,-0.306,0.117,-0.317,0.087
1903,12,-0.577,0.126,-0.537,0.12,-0.353,0.141,-0.307,0.118,-0.316,0.086
1904,1,-0.688,0.279,-0.54,0.106,-0.353,0.139,-0.31,0.118,-0.314,0.086
1904,2,-0.665,0.17,-0.526,0.1,-0.354,0.137,-0.312,0.117,-0.313,0.085
1904,3,-0.496,0.25,-0.53,0.107,-0.355,0.134,-0.315,0.117,-0.313,0.085
1904,4,-0.47,0.18,-0.522,0.097,-0.353,0.133,-0.317,0.117,-0.313,0.085
1904,5,-0.491,0.099,-0.5,0.104,-0.352,0.131,-0.32,0.117,-0.313,0.085
1904,6,-0.46,0.217,-0.482,0.112,-0.353,0.128,-0.321,0.117,-0.312,0.085
1904,7,-0.497,0.186,-0.458,0.116,-0.356,0.127,-0.323,0.116,-0.312,0.085
1904,8,-0.423,0.286,-0.456,0.129,-0.363,0.124,-0.325,0.115,-0.312,0.085
1904,9,-0.509,0.269,-0.453,0.131,-0.362,0.122,-0.327,0.114,-0.311,0.086
1904,10,-0.423,0.153,-0.451,0.139,-0.364,0.119,-0.33,0.115,-0.31,0.086
1904,11,-0.306,0.189,-0.434,0.141,-0.367,0.118,-0.334,0.113,-0.309,0.087
1904,12,-0.357,0.163,-0.416,0.142,-0.37,0.118,-0.336,0.113,-0.308,0.087
1905,1,-0.394,0.232,-0.392,0.158,-0.371,0.113,-0.337,0.112,-0.307,0.087
1905,2,-0.641,0.276,-0.379,0.161,-0.373,0.111,-0.342,0.112,-0.306,0.087
1905,3,-0.471,0.239,-0.361,0.159,-0.375,0.11,-0.346,0.111,-0.304,0.088
1905,4,-0.443,0.236,-0.348,0.162,-0.371,0.11,-0.349,0.11,-0.303,0.088
1905,5,-0.286,0.121,-0.346,0.167,-0.372,0.111,-0.351,0.11,-0.302,0.088
1905,6,-0.24,0.17,-0.331,0.164,-0.372,0.112,-0.354,0.111,-0.301,0.088
1905,7,-0.212,0.299,-0.316,0.158,-0.376,0.112,-0.356,0.109,-0.301,0.087
1905,8,-0.268,0.247,-0.283,0.144,-0.378,0.111,-0.358,0.109,-0.301,0.087
1905,9,-0.296,0.168,-0.256,0.133,-0.384,0.11,-0.361,0.109,-0.3,0.086
1905,10,-0.262,0.151,-0.221,0.129,-0.386,0.109,-0.365,0.109,-0.3,0.086
1905,11,-0.281,0.274,-0.223,0.132,-0.386,0.108,-0.368,0.11,-0.299,0.086
1905,12,-0.173,0.186,-0.216,0.133,-0.387,0.106,-0.373,0.109,-0.299,0.087
1906,1,-0.216,0.233,-0.213,0.122,-0.385,0.104,-0.376,0.108,-0.3,0.088
1906,2,-0.247,0.19,-0.208,0.11,-0.383,0.099,-0.38,0.107,-0.299,0.088
1906,3,-0.143,0.11,-0.205,0.1,-0.381,0.099,-0.384,0.106,-0.299,0.087
1906,4,-0.031,0.202,-0.199,0.103,-0.379,0.098,-0.388,0.105,-0.3,0.087
1906,5,-0.31,0.143,-0.197,0.092,-0.379,0.099,-0.392,0.105,-0.3,0.087
1906,6,-0.158,0.135,-0.205,0.088,-0.379,0.1,-0.395,0.103,-0.301,0.087
1906,7,-0.167,0.192,-0.223,0.084,-0.378,0.099,-0.398,0.102,-0.302,0.087
1906,8,-0.208,0.261,-0.245,0.087,-0.376,0.099,-0.4,0.101,-0.303,0.087
1906,9,-0.268,0.129,-0.259,0.09,-0.377,0.095,-0.402,0.1,-0.304,0.086
1906,10,-0.181,0.161,-0.286,0.08,-0.379,0.094,-0.402,0.099,-0.305,0.087
1906,11,-0.262,0.157,-0.304,0.081,-0.379,0.094,-0.401,0.099,-0.307,0.087
1906,12,-0.271,0.248,-0.329,0.086,-0.379,0.093,-0.4,0.098,-0.31,0.087
1907,1,-0.428,0.151,-0.348,0.088,-0.379,0.094,-0.4,0.099,-0.312,0.087
1907,2,-0.516,0.135,-0.366,0.092,-0.377,0.093,-0.401,0.098,-0.314,0.087
1907,3,-0.312,0.206,-0.375,0.102,-0.374,0.093,-0.401,0.097,-0.317,0.087
1907,4,-0.345,0.243,-0.38,0.109,-0.374,0.094,-0.4,0.096,-0.319,0.087
1907,5,-0.528,0.153,-0.4,0.121,-0.375,0.092,-0.4,0.096,-0.321,0.087
1907,6,-0.465,0.263,-0.414,0.122,-0.377,0.09,-0.399,0.095,-0.322,0.087
1907,7,-0.394,0.151,-0.418,0.13,-0.377,0.088,-0.399,0.093,-0.323,0.087
1907,8,-0.418,0.254,-0.406,0.133,-0.373,0.088,-0.4,0.091,-0.324,0.086
1907,9,-0.382,0.185,-0.432,0.128,-0.374,0.086,-0.402,0.09,-0.324,0.086
1907,10,-0.243,0.188,-0.451,0.127,-0.375,0.083,-0.403,0.09,-0.325,0.086
1907,11,-0.503,0.268,-0.442,0.125,-0.377,0.084,-0.402,0.09,-0.326,0.086
1907,12,-0.437,0.149,-0.439,0.11,-0.38,0.084,-0.402,0.09,-0.328,0.087
1908,1,-0.467,0.185,-0.433,0.113,-0.382,0.082,-0.404,0.09,-0.33,0.087
1908,2,-0.373,0.177,-0.437,0.096,-0.384,0.081,-0.407,0.089,-0.331,0.087
1908,3,-0.629,0.11,-0.433,0.095,-0.386,0.08,-0.408,0.088,-0.331,0.087
1908,4,-0.572,0.111,-0.446,0.087,-0.388,0.081,-0.407,0.087,-0.332,0.089
1908,5,-0.42,0.144,-0.452,0.081,-0.393,0.08,-0.407,0.086,-0.332,0.09
1908,6,-0.428,0.219,-0.461,0.081,-0.4,0.079,-0.408,0.086,-0.333,0.089
1908,7,-0.318,0.108,-0.478,0.078,-0.406,0.078,-0.407,0.085,-0.333,0.09
1908,8,-0.465,0.234,-0.49,0.074,-0.412,0.077,-0.405,0.084,-0.334,0.09
1908,9,-0.343,0.125,-0.486,0.071,-0.419,0.076,-0.405,0.085,-0.334,0.09
1908,10,-0.395,0.189,-0.485,0.069,-0.428,0.073,-0.403,0.084,-0.332,0.091
1908,11,-0.575,0.188,-0.492,0.072,-0.431,0.075,-0.4,0.083,-0.331,0.09
1908,12,-0.551,0.189,-0.493,0.087,-0.437,0.073,-0.395,0.083,-0.33,0.09
1909,1,-0.668,0.187,-0.509,0.08,-0.442,0.073,-0.39,0.082,-0.33,0.09
1909,2,-0.519,0.144,-0.494,0.083,-0.446,0.073,-0.386,0.081,-0.33,0.09
1909,3,-0.58,0.15,-0.495,0.086,-0.449,0.073,-0.385,0.079,-0.33,0.09
1909,4,-0.559,0.133,-0.497,0.09,-0.45,0.075,-0.384,0.079,-0.33,0.09
1909,5,-0.502,0.208,-0.48,0.09,-0.45,0.076,-0.382,0.079,-0.33,0.091
1909,6,-0.44,0.23,-0.473,0.089,-0.448,0.074,-0.381,0.08,-0.329,0.091
1909,7,-0.507,0.216,-0.45,0.088,-0.444,0.076,-0.378,0.079,-0.33,0.09
1909,8,-0.288,0.214,-0.442,0.091,-0.438,0.075,-0.375,0.079,-0.331,0.09
1909,9,-0.352,0.173,-0.437,0.093,-0.439,0.075,-0.373,0.079,-0.332,0.09
1909,10,-0.417,0.185,-0.434,0.088,-0.437,0.076,-0.369,0.079,-0.333,0.09
1909,11,-0.376,0.226,-0.423,0.091,-0.433,0.077,-0.368,0.079,-0.335,0.089
1909,12,-0.471,0.165,-0.424,0.09,-0.428,0.077,-0.366,0.079,-0.336,0.089
1910,1,-0.392,0.102,-0.41,0.092,-0.426,0.076,-0.365,0.078,-0.335,0.089
1910,2,-0.421,0.246,-0.417,0.107,-0.427,0.076,-0.361,0.077,-0.337,0.09
1910,3,-0.518,0.173,-0.421,0.105,-0.43,0.075,-0.357,0.077,-0.338,0.089
1910,4,-0.518,0.133,-0.418,0.101,-0.434,0.074,-0.353,0.076,-0.338,0.09
1910,5,-0.373,0.206,-0.436,0.105,-0.433,0.073,-0.351,0.077,-0.338,0.09
1910,6,-0.455,0.276,-0.447,0.102,-0.432,0.074,-0.349,0.076,-0.339,0.09
1910,7,-0.342,0.234,-0.46,0.098,-0.433,0.075,-0.348,0.075,-0.339,0.089
1910,8,-0.37,0.271,-0.476,0.093,-0.435,0.074,-0.347,0.073,-0.34,0.088
1910,9,-0.394,0.124,-0.482,0.083,-0.432,0.072,-0.346,0.071,-0.34,0.088
1910,10,-0.391,0.193,-0.485,0.089,-0.428,0.072,-0.345,0.071,-0.341,0.089
1910,11,-0.587,0.24,-0.496,0.087,-0.428,0.068,-0.343,0.069,-0.341,0.089
1910,12,-0.597,0.155,-0.5,0.074,-0.428,0.07,-0.344,0.07,-0.342,0.089
1911,1,-0.557,0.137,-0.512,0.073,-0.429,0.069,-0.344,0.07,-0.342,0.089
1911,2,-0.606,0.181,-0.519,0.072,-0.427,0.073,-0.343,0.07,-0.343,0.088
1911,3,-0.595,0.13,-0.522,0.07,-0.428,0.074,-0.344,0.069,-0.343,0.088
1911,4,-0.553,0.238,-0.509,0.077,-0.427,0.074,-0.346,0.068,-0.344,0.088
1911,5,-0.503,0.207,-0.481,0.084,-0.421,0.071,-0.346,0.068,-0.345,0.088
1911,6,-0.501,0.142,-0.443,0.088,-0.412,0.07,-0.348,0.067,-0.345,0.087
1911,7,-0.496,0.183,-0.415,0.098,-0.401,0.07,-0.348,0.066,-0.345,0.086
1911,8,-0.443,0.175,-0.377,0.101,-0.397,0.068,-0.349,0.066,-0.345,0.086
1911,9,-0.438,0.173,-0.357,0.109,-0.393,0.069,-0.35,0.066,-0.344,0.086
1911,10,-0.237,0.235,-0.331,0.113,-0.389,0.07,-0.352,0.066,-0.343,0.086
1911,11,-0.251,0.24,-0.311,0.105,-0.385,0.071,-0.355,0.066,-0.342,0.085
1911,12,-0.137,0.207,-0.285,0.115,-0.382,0.071,-0.358,0.067,-0.342,0.085
1912,1,-0.215,0.267,-0.268,0.118,-0.377,0.069,-0.36,0.066,-0.342,0.084
1912,2,-0.158,0.197,-0.27,0.113,-0.374,0.069,-0.361,0.065,-0.343,0.084
1912,3,-0.349,0.16,-0.277,0.113,-0.371,0.07,-0.366,0.065,-0.342,0.084
1912,4,-0.242,0.144,-0.302,0.11,-0.365,0.07,-0.367,0.066,-0.342,0.084
1912,5,-0.263,0.195,-0.315,0.101,-0.361,0.072,-0.367,0.067,-0.342,0.084
1912,6,-0.186,0.182,-0.338,0.103,-0.355,0.073,-0.367,0.066,-0.342,0.083
1912,7,-0.296,0.139,-0.361,0.093,-0.353,0.074,-0.365,0.068,-0.341,0.082
1912,8,-0.47,0.149,-0.388,0.098,-0.349,0.074,-0.363,0.068,-0.341,0.081
1912,9,-0.524,0.159,-0.399,0.097,-0.34,0.074,-0.362,0.067,-0.341,0.081
1912,10,-0.527,0.192,-0.407,0.095,-0.331,0.077,-0.363,0.066,-0.34,0.08
1912,11,-0.413,0.134,-0.419,0.086,-0.325,0.076,-0.363,0.065,-0.339,0.079
1912,12,-0.415,0.224,-0.439,0.084,-0.318,0.074,-0.365,0.065,-0.339,0.079
1913,1,-0.489,0.167,-0.445,0.087,-0.314,0.074,-0.366,0.065,-0.339,0.079
1913,2,-0.485,0.23,-0.434,0.084,-0.31,0.073,-0.368,0.065,-0.339,0.079
1913,3,-0.473,0.184,-0.426,0.092,-0.306,0.07,-0.367,0.065,-0.34,0.079
1913,4,-0.343,0.109,-0.409,0.09,-0.302,0.069,-0.365,0.066,-0.339,0.079
1913,5,-0.409,0.152,-0.392,0.077,-0.293,0.069,-0.366,0.067,-0.338,0.078
1913,6,-0.421,0.143,-0.357,0.074,-0.287,0.072,-0.365,0.066,-0.337,0.078
1913,7,-0.373,0.16,-0.321,0.071,-0.282,0.072,-0.365,0.068,-0.336,0.077
1913,8,-0.331,0.171,-0.301,0.068,-0.274,0.073,-0.365,0.07,-0.335,0.077
1913,9,-0.431,0.23,-0.29,0.067,-0.269,0.073,-0.364,0.07,-0.334,0.077
1913,10,-0.32,0.221,-0.287,0.073,-0.264,0.074,-0.361,0.071,-0.332,0.077
1913,11,-0.218,0.209,-0.279,0.077,-0.261,0.072,-0.356,0.071,-0.33,0.077
1913,12,0.013,0.125,-0.265,0.08,-0.258,0.074,-0.354,0.072,-0.327,0.076
1914,1,-0.059,0.156,-0.247,0.084,-0.254,0.075,-0.35,0.072,-0.325,0.076
1914,2,-0.247,0.21,-0.23,0.088,-0.252,0.073,-0.347,0.071,-0.323,0.076
1914,3,-0.345,0.126,-0.211,0.08,-0.251,0.072,-0.346,0.073,-0.321,0.076
1914,4,-0.307,0.159,-0.186,0.077,-0.254,0.071,-0.342,0.073,-0.321,0.076
1914,5,-0.308,0.109,-0.18,0.086,-0.259,0.07,-0.34,0.074,-0.319,0.076
1914,6,-0.251,0.233,-0.191,0.087,-0.269,0.07,-0.338,0.075,-0.318,0.076
1914,7,-0.162,0.183,-0.206,0.087,-0.276,0.066,-0.337,0.074,-0.317,0.076
1914,8,-0.131,0.202,-0.201,0.094,-0.285,0.064,-0.337,0.074,-0.316,0.075
1914,9,-0.197,0.224,-0.171,0.101,-0.292,0.065,-0.337,0.073,-0.315,0.074
1914,10,-0.016,0.22,-0.146,0.106,-0.296,0.064,-0.336,0.073,-0.315,0.075
1914,11,-0.147,0.204,-0.121,0.114,-0.301,0.066,-0.336,0.074,-0.314,0.074
1914,12,-0.121,0.19,-0.104,0.112,-0.305,0.066,-0.335,0.075,-0.314,0.074
1915,1,-0.243,0.163,-0.099,0.12,-0.304,0.068,-0.333,0.075,-0.314,0.073
1915,2,-0.178,0.143,-0.095,0.117,-0.3,0.068,-0.333,0.076,-0.313,0.073
1915,3,0.008,0.181,-0.093,0.102,-0.294,0.067,-0.33,0.077,-0.312,0.072
1915,4,-0.004,0.193,-0.103,0.086,-0.292,0.065,-0.327,0.078,-0.311,0.072
1915,5,-0.011,0.174,-0.096,0.086,-0.293,0.065,-0.326,0.079,-0.311,0.072
1915,6,-0.049,0.18,-0.108,0.089,-0.298,0.064,-0.323,0.078,-0.311,0.072
1915,7,-0.093,0.124,-0.106,0.086,-0.299,0.063,-0.323,0.078,-0.311,0.071
1915,8,-0.092,0.256,-0.101,0.087,-0.301,0.063,-0.321,0.077,-0.31,0.07
1915,9,-0.172,0.164,-0.128,0.077,-0.301,0.066,-0.319,0.077,-0.31,0.07
1915,10,-0.132,0.175,-0.151,0.08,-0.303,0.069,-0.317,0.077,-0.309,0.071
1915,11,-0.067,0.217,-0.173,0.075,-0.303,0.073,-0.314,0.078,-0.308,0.07
1915,12,-0.265,0.223,-0.199,0.082,-0.302,0.073,-0.312,0.078,-0.307,0.071
1916,1,-0.211,0.122,-0.213,0.079,-0.301,0.075,-0.309,0.079,-0.305,0.071
1916,2,-0.12,0.18,-0.23,0.071,-0.303,0.077,-0.305,0.08,-0.304,0.071
1916,3,-0.317,0.196,-0.246,0.072,-0.299,0.076,-0.303,0.08,-0.303,0.071
1916,4,-0.283,0.182,-0.272,0.083,-0.295,0.078,-0.3,0.081,-0.304,0.072
1916,5,-0.277,0.165,-0.314,0.078,-0.292,0.08,-0.298,0.081,-0.303,0.072
1916,6,-0.356,0.265,-0.35,0.07,-0.296,0.083,-0.295,0.082,-0.303,0.072
1916,7,-0.269,0.15,-0.386,0.06,-0.299,0.083,-0.292,0.082,-0.303,0.072
1916,8,-0.292,0.181,-0.434,0.064,-0.298,0.086,-0.289,0.083,-0.303,0.072
1916,9,-0.359,0.103,-0.473,0.069,-0.298,0.088,-0.287,0.083,-0.302,0.072
1916,10,-0.449,0.181,-0.49,0.067,-0.295,0.087,-0.285,0.083,-0.301,0.072
1916,11,-0.572,0.21,-0.513,0.067,-0.294,0.089,-0.284,0.082,-0.3,0.072
1916,12,-0.696,0.208,-0.519,0.071,-0.294,0.089,-0.284,0.082,-0.3,0.072
1917,1,-0.642,0.256,-0.515,0.087,-0.297,0.09,-0.284,0.081,-0.299,0.072
1917,2,-0.691,0.207,-0.509,0.094,-0.3,0.09,-0.286,0.081,-0.297,0.072
1917,3,-0.794,0.133,-0.494,0.101,-0.302,0.089,-0.284,0.083,-0.297,0.072
1917,4,-0.483,0.107,-0.49,0.095,-0.306,0.088,-0.283,0.084,-0.297,0.073
1917,5,-0.551,0.278,-0.482,0.104,-0.311,0.087,-0.283,0.084,-0.295,0.073
1917,6,-0.434,0.222,-0.487,0.108,-0.315,0.087,-0.284,0.083,-0.294,0.073
1917,7,-0.213,0.25,-0.476,0.126,-0.314,0.087,-0.283,0.084,-0.292,0.074
1917,8,-0.225,0.314,-0.469,0.141,-0.317,0.088,-0.282,0.083,-0.291,0.074
1917,9,-0.175,0.244,-0.443,0.143,-0.319,0.091,-0.28,0.083,-0.29,0.074
1917,10,-0.401,0.172,-0.439,0.152,-0.323,0.093,-0.278,0.082,-0.288,0.073
1917,11,-0.482,0.116,-0.429,0.154,-0.326,0.094,-0.276,0.081,-0.286,0.073
1917,12,-0.749,0.134,-0.425,0.147,-0.328,0.096,-0.275,0.081,-0.285,0.073
1918,1,-0.514,0.181,-0.432,0.146,-0.331,0.095,-0.273,0.081,-0.283,0.073
1918,2,-0.603,0.245,-0.448,0.137,-0.333,0.094,-0.272,0.081,-0.282,0.074
1918,3,-0.484,0.215,-0.451,0.139,-0.332,0.097,-0.271,0.082,-0.28,0.074
1918,4,-0.439,0.25,-0.423,0.157,-0.332,0.098,-0.271,0.083,-0.278,0.074
1918,5,-0.428,0.276,-0.386,0.16,-0.335,0.099,-0.269,0.083,-0.278,0.074
1918,6,-0.385,0.19,-0.344,0.167,-0.336,0.098,-0.267,0.083,-0.277,0.074
1918,7,-0.3,0.301,-0.321,0.161,-0.336,0.099,-0.266,0.083,-0.276,0.074
1918,8,-0.422,0.293,-0.286,0.152,-0.337,0.099,-0.265,0.082,-0.275,0.074
1918,9,-0.209,0.168,-0.275,0.146,-0.337,0.101,-0.264,0.081,-0.274,0.074
1918,10,-0.057,0.305,-0.251,0.133,-0.336,0.102,-0.262,0.081,-0.273,0.075
1918,11,-0.042,0.17,-0.234,0.129,-0.336,0.104,-0.26,0.082,-0.271,0.075
1918,12,-0.241,0.252,-0.224,0.144,-0.332,0.104,-0.259,0.082,-0.269,0.075
1919,1,-0.243,0.194,-0.225,0.125,-0.329,0.104,-0.261,0.082,-0.268,0.075
1919,2,-0.183,0.101,-0.217,0.121,-0.327,0.105,-0.26,0.084,-0.267,0.076
1919,3,-0.355,0.199,-0.226,0.125,-0.323,0.108,-0.258,0.085,-0.266,0.077
1919,4,-0.15,0.243,-0.244,0.117,-0.316,0.107,-0.257,0.085,-0.266,0.078
1919,5,-0.222,0.209,-0.275,0.119,-0.308,0.108,-0.256,0.085,-0.265,0.078
1919,6,-0.262,0.281,-0.287,0.111,-0.299,0.107,-0.255,0.085,-0.264,0.078
1919,7,-0.309,0.172,-0.283,0.12,-0.293,0.109,-0.256,0.085,-0.263,0.079
1919,8,-0.333,0.261,-0.295,0.125,-0.286,0.111,-0.257,0.085,-0.263,0.079
1919,9,-0.314,0.208,-0.278,0.129,-0.276,0.113,-0.258,0.084,-0.262,0.079
1919,10,-0.276,0.172,-0.285,0.134,-0.27,0.115,-0.26,0.084,-0.261,0.079
1919,11,-0.408,0.207,-0.281,0.13,-0.266,0.114,-0.26,0.083,-0.26,0.079
1919,12,-0.384,0.165,-0.272,0.119,-0.264,0.112,-0.262,0.083,-0.26,0.079
1920,1,-0.204,0.169,-0.27,0.114,-0.263,0.111,-0.264,0.082,-0.259,0.079
1920,2,-0.32,0.152,-0.259,0.108,-0.264,0.108,-0.266,0.082,-0.258,0.08
1920,3,-0.153,0.227,-0.243,0.106,-0.267,0.107,-0.268,0.083,-0.257,0.08
1920,4,-0.239,0.247,-0.233,0.104,-0.264,0.107,-0.27,0.083,-0.255,0.08
1920,5,-0.17,0.213,-0.216,0.107,-0.26,0.106,-0.271,0.082,-0.254,0.08
1920,6,-0.157,0.178,-0.214,0.111,-0.252,0.106,-0.272,0.083,-0.252,0.08
1920,7,-0.284,0.322,-0.213,0.117,-0.248,0.105,-0.273,0.084,-0.251,0.081
1920,8,-0.198,0.168,-0.202,0.116,-0.244,0.104,-0.274,0.084,-0.249,0.08
1920,9,-0.121,0.158,-0.214,0.106,-0.242,0.103,-0.274,0.085,-0.248,0.081
1920,10,-0.155,0.169,-0.215,0.109,-0.239,0.102,-0.273,0.086,-0.246,0.081
1920,11,-0.203,0.182,-0.221,0.112,-0.236,0.1,-0.273,0.086,-0.243,0.081
1920,12,-0.362,0.132,-0.222,0.11,-0.231,0.1,-0.27,0.086,-0.24,0.081
1921,1,-0.19,0.178,-0.204,0.114,-0.23,0.097,-0.267,0.086,-0.238,0.081
1921,2,-0.195,0.223,-0.199,0.113,-0.228,0.094,-0.266,0.087,-0.237,0.082
1921,3,-0.294,0.207,-0.202,0.123,-0.229,0.093,-0.263,0.089,-0.235,0.082
1921,4,-0.253,0.24,-0.191,0.125,-0.228,0.09,-0.261,0.09,-0.233,0.082
1921,5,-0.241,0.216,-0.183,0.12,-0.228,0.09,-0.26,0.091,-0.231,0.082
1921,6,-0.163,0.136,-0.162,0.112,-0.222,0.087,-0.258,0.091,-0.229,0.082
1921,7,-0.073,0.303,-0.17,0.109,-0.223,0.088,-0.258,0.092,-0.227,0.083
1921,8,-0.14,0.259,-0.181,0.109,-0.222,0.088,-0.256,0.091,-0.225,0.083
1921,9,-0.15,0.25,-0.172,0.12,-0.217,0.087,-0.254,0.092,-0.223,0.083
1921,10,-0.033,0.162,-0.16,0.122,-0.219,0.089,-0.25,0.091,-0.222,0.083
1921,11,-0.108,0.141,-0.164,0.118,-0.218,0.087,-0.245,0.092,-0.221,0.083
1921,12,-0.107,0.204,-0.175,0.12,-0.216,0.086,-0.241,0.091,-0.22,0.083
1922,1,-0.288,0.126,-0.184,0.119,-0.214,0.087,-0.237,0.092,-0.219,0.082
1922,2,-0.319,0.187,-0.198,0.116,-0.214,0.086,-0.233,0.093,-0.219,0.082
1922,3,-0.192,0.234,-0.212,0.109,-0.214,0.086,-0.228,0.092,-0.218,0.082
1922,4,-0.101,0.212,-0.23,0.108,-0.213,0.087,-0.227,0.094,-0.217,0.083
1922,5,-0.294,0.213,-0.24,0.101,-0.21,0.087,-0.223,0.093,-0.216,0.083
1922,6,-0.297,0.154,-0.252,0.105,-0.21,0.086,-0.221,0.093,-0.216,0.083
1922,7,-0.18,0.176,-0.25,0.103,-0.213,0.086,-0.219,0.092,-0.215,0.083
1922,8,-0.312,0.247,-0.254,0.097,-0.215,0.085,-0.218,0.092,-0.214,0.083
1922,9,-0.308,0.14,-0.27,0.09,-0.217,0.083,-0.218,0.092,-0.212,0.083
1922,10,-0.258,0.184,-0.284,0.088,-0.216,0.082,-0.213,0.092,-0.209,0.083
1922,11,-0.224,0.154,-0.278,0.079,-0.216,0.081,-0.209,0.093,-0.209,0.083
1922,12,-0.25,0.128,-0.264,0.075,-0.217,0.082,-0.205,0.092,-0.208,0.083
1923,1,-0.267,0.134,-0.27,0.074,-0.216,0.083,-0.2,0.092,-0.207,0.083
1923,2,-0.371,0.124,-0.264,0.078,-0.215,0.083,-0.196,0.093,-0.206,0.083
1923,3,-0.375,0.18,-0.261,0.082,-0.216,0.084,-0.194,0.093,-0.205,0.084
1923,4,-0.274,0.169,-0.244,0.085,-0.214,0.084,-0.191,0.094,-0.204,0.084
1923,5,-0.221,0.161,-0.224,0.097,-0.211,0.084,-0.19,0.094,-0.203,0.085
1923,6,-0.131,0.193,-0.198,0.087,-0.204,0.085,-0.188,0.094,-0.202,0.085
1923,7,-0.245,0.203,-0.198,0.084,-0.198,0.086,-0.187,0.093,-0.201,0.085
1923,8,-0.25,0.232,-0.18,0.082,-0.195,0.087,-0.185,0.091,-0.201,0.085
1923,9,-0.271,0.109,-0.153,0.083,-0.189,0.09,-0.184,0.09,-0.2,0.085
1923,10,-0.044,0.119,-0.152,0.085,-0.186,0.092,-0.184,0.089,-0.199,0.085
1923,11,0.01,0.112,-0.145,0.083,-0.185,0.093,-0.185,0.09,-0.199,0.086
1923,12,0.069,0.127,-0.147,0.087,-0.184,0.094,-0.184,0.089,-0.201,0.086
1924,1,-0.268,0.093,-0.145,0.084,-0.186,0.094,-0.185,0.09,-0.202,0.087
1924,2,-0.155,0.139,-0.151,0.089,-0.186,0.092,-0.187,0.091,-0.201,0.088
1924,3,-0.055,0.171,-0.152,0.094,-0.185,0.092,-0.187,0.091,-0.201,0.088
1924,4,-0.263,0.168,-0.168,0.1,-0.183,0.091,-0.189,0.093,-0.2,0.088
1924,5,-0.136,0.151,-0.185,0.099,-0.182,0.091,-0.19,0.093,-0.199,0.088
1924,6,-0.154,0.215,-0.222,0.094,-0.183,0.091,-0.19,0.092,-0.198,0.087
1924,7,-0.218,0.22,-0.235,0.091,-0.182,0.089,-0.19,0.094,-0.198,0.088
1924,8,-0.33,0.247,-0.257,0.093,-0.179,0.088,-0.189,0.093,-0.198,0.088
1924,9,-0.282,0.238,-0.274,0.092,-0.18,0.087,-0.188,0.093,-0.197,0.088
1924,10,-0.233,0.218,-0.27,0.094,-0.183,0.087,-0.187,0.093,-0.197,0.087
1924,11,-0.198,0.154,-0.272,0.096,-0.18,0.088,-0.184,0.092,-0.196,0.087
1924,12,-0.378,0.135,-0.276,0.099,-0.178,0.089,-0.184,0.093,-0.195,0.087
1925,1,-0.416,0.103,-0.276,0.103,-0.176,0.089,-0.185,0.093,-0.195,0.087
1925,2,-0.426,0.132,-0.261,0.093,-0.172,0.09,-0.184,0.093,-0.194,0.087
1925,3,-0.256,0.104,-0.253,0.095,-0.169,0.092,-0.184,0.092,-0.195,0.088
1925,4,-0.211,0.184,-0.239,0.096,-0.162,0.092,-0.183,0.091,-0.195,0.088
1925,5,-0.159,0.145,-0.224,0.096,-0.158,0.094,-0.182,0.091,-0.196,0.088
1925,6,-0.199,0.287,-0.185,0.106,-0.158,0.095,-0.181,0.092,-0.197,0.088
1925,7,-0.22,0.181,-0.136,0.114,-0.153,0.094,-0.179,0.093,-0.196,0.089
1925,8,-0.154,0.125,-0.102,0.117,-0.149,0.095,-0.177,0.094,-0.196,0.089
1925,9,-0.184,0.181,-0.075,0.13,-0.146,0.095,-0.177,0.094,-0.196,0.09
1925,10,-0.064,0.189,-0.064,0.141,-0.144,0.096,-0.176,0.094,-0.195,0.09
1925,11,-0.023,0.148,-0.064,0.144,-0.144,0.095,-0.172,0.094,-0.196,0.09
1925,12,0.098,0.158,-0.058,0.14,-0.145,0.095,-0.169,0.094,-0.195,0.09
1926,1,0.169,0.159,-0.056,0.141,-0.143,0.095,-0.168,0.093,-0.196,0.09
1926,2,-0.016,0.177,-0.055,0.138,-0.142,0.094,-0.168,0.094,-0.196,0.09
1926,3,0.059,0.263,-0.048,0.135,-0.14,0.092,-0.166,0.094,-0.196,0.091
1926,4,-0.074,0.249,-0.037,0.128,-0.14,0.093,-0.165,0.094,-0.195,0.091
1926,5,-0.163,0.206,-0.036,0.126,-0.143,0.095,-0.165,0.093,-0.194,0.092
1926,6,-0.119,0.173,-0.06,0.118,-0.146,0.096,-0.163,0.093,-0.193,0.092
1926,7,-0.206,0.148,-0.092,0.11,-0.147,0.097,-0.162,0.093,-0.191,0.093
1926,8,-0.134,0.126,-0.101,0.105,-0.152,0.098,-0.161,0.092,-0.19,0.093
1926,9,-0.1,0.151,-0.13,0.096,-0.157,0.099,-0.159,0.091,-0.188,0.093
1926,10,0.066,0.149,-0.146,0.093,-0.159,0.101,-0.158,0.092,-0.186,0.093
1926,11,-0.012,0.13,-0.143,0.096,-0.163,0.103,-0.157,0.092,-0.184,0.094
1926,12,-0.184,0.077,-0.146,0.096,-0.164,0.103,-0.156,0.092,-0.181,0.094
1927,1,-0.224,0.124,-0.133,0.097,-0.166,0.104,-0.153,0.092,-0.178,0.095
1927,2,-0.119,0.125,-0.128,0.101,-0.163,0.103,-0.153,0.091,-0.175,0.095
1927,3,-0.291,0.124,-0.129,0.097,-0.162,0.104,-0.152,0.09,-0.172,0.095
1927,4,-0.266,0.217,-0.123,0.099,-0.16,0.102,-0.151,0.09,-0.17,0.096
1927,5,-0.124,0.227,-0.12,0.102,-0.158,0.101,-0.15,0.091,-0.168,0.095
1927,6,-0.155,0.235,-0.126,0.108,-0.159,0.103,-0.148,0.09,-0.166,0.095
1927,7,-0.052,0.145,-0.106,0.109,-0.156,0.104,-0.147,0.09,-0.164,0.095
1927,8,-0.077,0.121,-0.103,0.113,-0.153,0.104,-0.145,0.09,-0.163,0.096
1927,9,-0.112,0.186,-0.096,0.122,-0.151,0.104,-0.143,0.091,-0.161,0.096
1927,10,0.143,0.209,-0.087,0.12,-0.15,0.104,-0.141,0.091,-0.158,0.096
1927,11,0.023,0.189,-0.094,0.117,-0.149,0.104,-0.141,0.093,-0.156,0.096
1927,12,-0.264,0.161,-0.098,0.112,-0.146,0.104,-0.141,0.093,-0.152,0.096
1928,1,0.017,0.124,-0.106,0.109,-0.143,0.105,-0.14,0.093,-0.15,0.096
1928,2,-0.079,0.187,-0.113,0.105,-0.14,0.106,-0.139,0.093,-0.147,0.096
1928,3,-0.212,0.206,-0.116,0.092,-0.138,0.108,-0.138,0.092,-0.144,0.096
1928,4,-0.152,0.189,-0.136,0.1,-0.137,0.107,-0.137,0.092,-0.142,0.096
1928,5,-0.21,0.184,-0.149,0.107,-0.133,0.107,-0.137,0.092,-0.14,0.096
1928,6,-0.206,0.228,-0.137,0.102,-0.134,0.105,-0.138,0.093,-0.139,0.096
1928,7,-0.146,0.156,-0.165,0.107,-0.138,0.104,-0.137,0.093,-0.138,0.096
1928,8,-0.157,0.134,-0.195,0.103,-0.141,0.104,-0.136,0.093,-0.136,0.095
1928,9,-0.149,0.164,-0.208,0.108,-0.144,0.102,-0.136,0.094,-0.135,0.096
1928,10,-0.09,0.184,-0.227,0.114,-0.145,0.1,-0.136,0.095,-0.133,0.095
1928,11,-0.143,0.174,-0.24,0.114,-0.145,0.099,-0.139,0.095,-0.133,0.096
1928,12,-0.112,0.088,-0.24,0.118,-0.143,0.097,-0.143,0.096,-0.132,0.095
1929,1,-0.322,0.127,-0.256,0.126,-0.138,0.097,-0.142,0.097,-0.131,0.096
1929,2,-0.443,0.142,-0.256,0.131,-0.136,0.097,-0.141,0.097,-0.13,0.096
1929,3,-0.367,0.257,-0.266,0.14,-0.134,0.096,-0.143,0.097,-0.13,0.095
1929,4,-0.372,0.254,-0.268,0.137,-0.132,0.097,-0.143,0.096,-0.129,0.096
1929,5,-0.366,0.207,-0.263,0.13,-0.133,0.098,-0.143,0.097,-0.127,0.096
1929,6,-0.217,0.184,-0.289,0.133,-0.13,0.098,-0.142,0.096,-0.126,0.095
1929,7,-0.337,0.231,-0.281,0.128,-0.125,0.099,-0.141,0.096,-0.124,0.095
1929,8,-0.156,0.164,-0.265,0.124,-0.127,0.099,-0.139,0.095,-0.123,0.095
1929,9,-0.261,0.188,-0.243,0.111,-0.124,0.1,-0.137,0.095,-0.121,0.095
1929,10,-0.118,0.145,-0.226,0.096,-0.12,0.1,-0.134,0.095,-0.12,0.095
1929,11,-0.083,0.219,-0.203,0.094,-0.119,0.101,-0.131,0.095,-0.118,0.094
1929,12,-0.428,0.116,-0.186,0.093,-0.118,0.099,-0.128,0.096,-0.114,0.094
1930,1,-0.228,0.11,-0.161,0.093,-0.118,0.097,-0.127,0.097,-0.113,0.094
1930,2,-0.243,0.179,-0.147,0.1,-0.119,0.097,-0.122,0.096,-0.11,0.094
1930,3,-0.111,0.157,-0.132,0.112,-0.117,0.097,-0.121,0.096,-0.109,0.093
1930,4,-0.169,0.129,-0.121,0.116,-0.12,0.098,-0.121,0.096,-0.107,0.093
1930,5,-0.092,0.192,-0.098,0.125,-0.124,0.099,-0.122,0.096,-0.105,0.092
1930,6,-0.013,0.21,-0.06,0.121,-0.123,0.098,-0.121,0.096,-0.104,0.092
1930,7,-0.028,0.215,-0.045,0.122,-0.127,0.099,-0.119,0.096,-0.102,0.092
1930,8,0.003,0.234,-0.041,0.117,-0.129,0.097,-0.118,0.097,-0.1,0.092
1930,9,-0.069,0.253,-0.041,0.118,-0.131,0.095,-0.118,0.097,-0.099,0.092
1930,10,0.014,0.158,-0.037,0.121,-0.131,0.094,-0.117,0.097,-0.098,0.092
1930,11,0.19,0.155,-0.043,0.111,-0.131,0.094,-0.119,0.097,-0.097,0.091
1930,12,0.032,0.14,-0.043,0.099,-0.13,0.094,-0.121,0.096,-0.094,0.091
1931,1,-0.058,0.149,-0.035,0.091,-0.131,0.095,-0.124,0.096,-0.094,0.091
1931,2,-0.191,0.175,-0.033,0.081,-0.131,0.096,-0.126,0.096,-0.092,0.091
1931,3,-0.114,0.184,-0.026,0.076,-0.132,0.099,-0.128,0.096,-0.091,0.091
1931,4,-0.123,0.18,-0.014,0.081,-0.132,0.1,-0.129,0.095,-0.09,0.091
1931,5,-0.163,0.117,-0.033,0.086,-0.134,0.1,-0.128,0.096,-0.089,0.09
1931,6,-0.005,0.182,-0.037,0.091,-0.14,0.1,-0.127,0.096,-0.087,0.09
1931,7,0.062,0.132,-0.026,0.085,-0.138,0.1,-0.125,0.097,-0.086,0.09
1931,8,0.028,0.173,-0.03,0.084,-0.131,0.1,-0.124,0.098,-0.085,0.089
1931,9,0.021,0.164,-0.031,0.085,-0.13,0.097,-0.123,0.098,-0.085,0.088
1931,10,0.149,0.142,-0.021,0.095,-0.128,0.095,-0.123,0.099,-0.084,0.088
1931,11,-0.029,0.159,-0.013,0.107,-0.123,0.094,-0.123,0.099,-0.083,0.088
1931,12,-0.021,0.161,-0.023,0.109,-0.12,0.092,-0.12,0.1,-0.082,0.088
1932,1,0.074,0.113,-0.033,0.1,-0.116,0.09,-0.119,0.101,-0.08,0.087
1932,2,-0.238,0.147,-0.045,0.095,-0.115,0.09,-0.117,0.101,-0.079,0.087
1932,3,-0.13,0.136,-0.045,0.096,-0.112,0.09,-0.115,0.101,-0.078,0.085
1932,4,0.002,0.217,-0.061,0.093,-0.108,0.09,-0.113,0.101,-0.078,0.085
1932,5,-0.068,0.247,-0.078,0.092,-0.104,0.092,-0.112,0.1,-0.076,0.084
1932,6,-0.127,0.16,-0.092,0.092,-0.097,0.093,-0.111,0.1,-0.075,0.084
1932,7,-0.053,0.113,-0.115,0.095,-0.098,0.093,-0.109,0.101,-0.074,0.083
1932,8,-0.114,0.155,-0.114,0.098,-0.092,0.091,-0.107,0.103,-0.073,0.083
1932,9,0.011,0.185,-0.129,0.098,-0.092,0.091,-0.104,0.103,-0.072,0.083
1932,10,-0.045,0.168,-0.145,0.088,-0.093,0.091,-0.103,0.103,-0.071,0.084
1932,11,-0.233,0.164,-0.154,0.084,-0.094,0.09,-0.102,0.103,-0.07,0.084
1932,12,-0.187,0.14,-0.158,0.082,-0.096,0.091,-0.1,0.103,-0.069,0.084
1933,1,-0.202,0.173,-0.17,0.095,-0.096,0.09,-0.099,0.103,-0.069,0.083
1933,2,-0.228,0.184,-0.172,0.098,-0.097,0.09,-0.097,0.102,-0.067,0.083
1933,3,-0.302,0.124,-0.194,0.104,-0.097,0.09,-0.095,0.102,-0.066,0.083
1933,4,-0.192,0.117,-0.196,0.11,-0.097,0.09,-0.093,0.101,-0.065,0.083
1933,5,-0.179,0.185,-0.201,0.111,-0.104,0.09,-0.091,0.101,-0.064,0.083
1933,6,-0.175,0.205,-0.22,0.111,-0.107,0.091,-0.09,0.101,-0.063,0.083
1933,7,-0.19,0.227,-0.223,0.111,-0.11,0.091,-0.089,0.102,-0.062,0.083
1933,8,-0.147,0.106,-0.206,0.117,-0.112,0.092,-0.087,0.103,-0.061,0.083
1933,9,-0.248,0.208,-0.206,0.115,-0.113,0.093,-0.085,0.105,-0.06,0.082
1933,10,-0.075,0.244,-0.211,0.121,-0.113,0.093,-0.082,0.104,-0.058,0.082
1933,11,-0.282,0.157,-0.203,0.12,-0.111,0.095,-0.08,0.105,-0.058,0.081
1933,12,-0.418,0.151,-0.191,0.116,-0.112,0.097,-0.079,0.105,-0.058,0.081
1934,1,-0.237,0.153,-0.18,0.113,-0.112,0.099,-0.077,0.104,-0.056,0.081
1934,2,-0.024,0.162,-0.177,0.114,-0.112,0.101,-0.074,0.104,-0.054,0.081
1934,3,-0.306,0.16,-0.162,0.107,-0.112,0.102,-0.072,0.102,-0.053,0.081
1934,4,-0.249,0.169,-0.148,0.096,-0.113,0.103,-0.069,0.101,-0.052,0.08
1934,5,-0.08,0.13,-0.11,0.09,-0.113,0.102,-0.065,0.101,-0.051,0.08
1934,6,-0.03,0.131,-0.078,0.092,-0.111,0.103,-0.062,0.1,-0.05,0.08
1934,7,-0.068,0.198,-0.082,0.088,-0.113,0.104,-0.059,0.1,-0.048,0.08
1934,8,-0.106,0.196,-0.068,0.079,-0.107,0.105,-0.057,0.1,-0.046,0.08
1934,9,-0.063,0.184,-0.052,0.08,-0.107,0.104,-0.054,0.1,-0.044,0.08
1934,10,0.086,0.141,-0.048,0.076,-0.107,0.104,-0.053,0.1,-0.042,0.08
1934,11,0.179,0.148,-0.058,0.079,-0.106,0.103,-0.051,0.1,-0.041,0.08
1934,12,-0.04,0.182,-0.065,0.086,-0.103,0.104,-0.044,0.099,-0.039,0.08
1935,1,-0.283,0.108,-0.061,0.091,-0.1,0.107,-0.041,0.099,-0.037,0.08
1935,2,0.15,0.103,-0.057,0.096,-0.095,0.11,-0.037,0.099,-0.035,0.08
1935,3,-0.125,0.122,-0.06,0.106,-0.092,0.111,-0.034,0.098,-0.034,0.08
1935,4,-0.202,0.113,-0.066,0.11,-0.087,0.11,-0.031,0.098,-0.033,0.08
1935,5,-0.194,0.191,-0.099,0.115,-0.08,0.11,-0.028,0.097,-0.032,0.08
1935,6,-0.121,0.194,-0.107,0.111,-0.076,0.11,-0.027,0.096,-0.032,0.08
1935,7,-0.015,0.196,-0.106,0.117,-0.071,0.11,-0.025,0.095,-0.031,0.079
1935,8,-0.061,0.228,-0.141,0.125,-0.065,0.111,-0.024,0.095,-0.029,0.078
1935,9,-0.096,0.232,-0.146,0.132,-0.059,0.112,-0.022,0.094,-0.028,0.078
1935,10,0.015,0.167,-0.138,0.134,-0.054,0.112,-0.02,0.094,-0.027,0.078
1935,11,-0.218,0.157,-0.13,0.137,-0.052,0.112,-0.021,0.093,-0.026,0.077
1935,12,-0.137,0.121,-0.122,0.138,-0.05,0.113,-0.019,0.094,-0.027,0.077
1936,1,-0.274,0.128,-0.117,0.141,-0.046,0.113,-0.019,0.093,-0.028,0.077
1936,2,-0.267,0.141,-0.107,0.144,-0.043,0.115,-0.017,0.093,-0.028,0.077
1936,3,-0.181,0.198,-0.1,0.14,-0.037,0.115,-0.016,0.093,-0.029,0.077
1936,4,-0.105,0.176,-0.092,0.142,-0.032,0.114,-0.015,0.092,-0.028,0.076
1936,5,-0.096,0.214,-0.075,0.145,-0.025,0.114,-0.013,0.091,-0.028,0.076
1936,6,-0.03,0.215,-0.058,0.153,-0.019,0.113,-0.011,0.092,-0.028,0.075
1936,7,0.047,0.226,-0.039,0.15,-0.016,0.112,-0.01,0.092,-0.027,0.075
1936,8,0.055,0.241,-0.007,0.143,-0.017,0.11,-0.01,0.092,-0.027,0.075
1936,9,-0.003,0.172,0.0,0.131,-0.015,0.111,-0.011,0.091,-0.027,0.075
1936,10,0.101,0.178,0.007,0.139,-0.01,0.11,-0.01,0.09,-0.027,0.075
1936,11,-0.013,0.133,0.013,0.134,-0.006,0.111,-0.009,0.09,-0.027,0.075
1936,12,0.067,0.191,0.022,0.131,-0.004,0.112,-0.008,0.089,-0.028,0.076
1937,1,-0.037,0.129,0.03,0.129,-0.002,0.113,-0.007,0.088,-0.027,0.076
1937,2,0.111,0.223,0.037,0.129,0.001,0.112,-0.005,0.088,-0.026,0.076
1937,3,-0.094,0.152,0.055,0.128,0.004,0.111,-0.004,0.087,-0.025,0.077
1937,4,-0.022,0.201,0.069,0.123,0.003,0.112,-0.004,0.085,-0.024,0.076
1937,5,-0.022,0.187,0.083,0.124,0.002,0.111,-0.003,0.084,-0.023,0.076
1937,6,0.076,0.204,0.082,0.117,0.01,0.108,-0.002,0.084,-0.022,0.076
1937,7,0.146,0.242,0.094,0.114,0.017,0.108,-0.002,0.084,-0.022,0.075
1937,8,0.131,0.312,0.094,0.114,0.018,0.108,-0.001,0.083,-0.022,0.076
1937,9,0.221,0.185,0.111,0.124,0.023,0.107,-0.002,0.083,-0.022,0.076
1937,10,0.263,0.108,0.119,0.118,0.031,0.107,-0.001,0.083,-0.022,0.076
1937,11,0.152,0.146,0.119,0.118,0.038,0.106,0.0,0.082,-0.022,0.076
1937,12,0.056,0.13,0.107,0.117,0.042,0.103,0.002,0.082,-0.022,0.076
1938,1,0.106,0.137,0.097,0.113,0.046,0.102,0.003,0.081,-0.022,0.076
1938,2,0.117,0.139,0.088,0.109,0.05,0.102,0.005,0.082,-0.022,0.076
1938,3,0.104,0.159,0.079,0.118,0.054,0.101,0.006,0.082,-0.022,0.076
1938,4,0.072,0.2,0.078,0.123,0.057,0.099,0.008,0.083,-0.022,0.075
1938,5,-0.02,0.143,0.076,0.125,0.062,0.098,0.01,0.082,-0.02,0.075
1938,6,-0.066,0.181,0.065,0.123,0.069,0.098,0.012,0.082,-0.019,0.075
1938,7,0.028,0.164,0.053,0.123,0.072,0.097,0.013,0.081,-0.019,0.074
1938,8,0.027,0.185,0.039,0.118,0.078,0.097,0.015,0.081,-0.018,0.074
1938,9,0.108,0.241,0.015,0.115,0.081,0.095,0.017,0.08,-0.018,0.074
1938,10,0.247,0.202,0.012,0.113,0.083,0.096,0.02,0.078,-0.018,0.074
1938,11,0.131,0.171,0.024,0.119,0.086,0.093,0.023,0.077,-0.018,0.074
1938,12,-0.076,0.147,0.04,0.113,0.089,0.092,0.027,0.077,-0.018,0.074
1939,1,-0.036,0.107,0.041,0.111,0.092,0.091,0.031,0.076,-0.017,0.075
1939,2,-0.05,0.106,0.046,0.106,0.092,0.088,0.033,0.075,-0.016,0.075
1939,3,-0.187,0.157,0.047,0.098,0.091,0.087,0.037,0.075,-0.015,0.074
1939,4,0.034,0.101,0.027,0.091,0.093,0.086,0.04,0.075,-0.014,0.074
1939,5,0.128,0.201,0.024,0.079,0.094,0.086,0.042,0.075,-0.012,0.074
1939,6,0.124,0.178,0.067,0.076,0.095,0.085,0.042,0.075,-0.012,0.074
1939,7,0.038,0.175,0.081,0.076,0.1,0.083,0.044,0.075,-0.011,0.074
1939,8,0.09,0.28,0.104,0.077,0.097,0.081,0.046,0.075,-0.011,0.074
1939,9,0.115,0.169,0.137,0.078,0.099,0.08,0.049,0.077,-0.01,0.075
1939,10,0.007,0.201,0.156,0.085,0.099,0.078,0.05,0.076,-0.01,0.075
1939,11,0.1,0.13,0.161,0.091,0.1,0.078,0.049,0.077,-0.01,0.076
1939,12,0.437,0.144,0.166,0.092,0.1,0.077,0.05,0.077,-0.009,0.076
1940,1,0.133,0.106,0.181,0.088,0.096,0.075,0.053,0.077,-0.009,0.076
1940,2,0.227,0.089,0.185,0.084,0.093,0.073,0.052,0.077,-0.01,0.076
1940,3,0.213,0.149,0.19,0.078,0.089,0.074,0.053,0.078,-0.01,0.076
1940,4,0.261,0.202,0.204,0.087,0.084,0.074,0.055,0.08,-0.01,0.076
1940,5,0.191,0.213,0.204,0.087,0.081,0.076,0.057,0.08,-0.01,0.075
1940,6,0.175,0.175,0.189,0.09,0.08,0.076,0.058,0.08,-0.01,0.075
1940,7,0.218,0.168,0.169,0.099,0.077,0.077,0.058,0.078,-0.01,0.075
1940,8,0.147,0.263,0.158,0.108,0.075,0.078,0.06,0.078,-0.011,0.075
1940,9,0.171,0.142,0.14,0.113,0.071,0.08,0.062,0.078,-0.011,0.075
1940,10,0.177,0.129,0.123,0.109,0.071,0.082,0.064,0.078,-0.012,0.075
1940,11,0.098,0.142,0.114,0.104,0.072,0.082,0.066,0.078,-0.014,0.075
1940,12,0.253,0.129,0.111,0.102,0.073,0.082,0.066,0.079,-0.015,0.075
1941,1,-0.099,0.183,0.112,0.1,0.072,0.081,0.068,0.08,-0.016,0.075
1941,2,0.087,0.181,0.106,0.093,0.072,0.082,0.07,0.08,-0.017,0.075
1941,3,-0.0,0.211,0.084,0.104,0.071,0.081,0.071,0.081,-0.017,0.075
1941,4,0.059,0.154,0.087,0.112,0.071,0.082,0.072,0.081,-0.017,0.075
1941,5,0.084,0.114,0.085,0.123,0.071,0.082,0.073,0.081,-0.016,0.074
1941,6,0.142,0.152,0.074,0.13,0.074,0.083,0.071,0.08,-0.016,0.075
1941,7,0.232,0.23,0.102,0.123,0.079,0.085,0.071,0.079,-0.016,0.075
1941,8,0.068,0.172,0.092,0.112,0.082,0.085,0.069,0.079,-0.015,0.075
1941,9,-0.098,0.189,0.093,0.105,0.088,0.085,0.069,0.079,-0.015,0.075
1941,10,0.223,0.229,0.085,0.108,0.089,0.086,0.068,0.079,-0.014,0.075
1941,11,0.066,0.187,0.083,0.11,0.09,0.088,0.068,0.08,-0.014,0.074
1941,12,0.122,0.157,0.075,0.113,0.088,0.089,0.065,0.081,-0.013,0.074
1942,1,0.235,0.156,0.051,0.11,0.09,0.089,0.065,0.081,-0.013,0.075
1942,2,-0.026,0.13,0.038,0.115,0.091,0.089,0.064,0.081,-0.012,0.074
1942,3,0.008,0.166,0.044,0.109,0.093,0.091,0.066,0.082,-0.011,0.075
1942,4,-0.034,0.156,0.025,0.101,0.098,0.093,0.066,0.082,-0.011,0.075
1942,5,0.06,0.133,0.017,0.106,0.097,0.093,0.066,0.081,-0.01,0.075
1942,6,0.043,0.195,0.006,0.1,0.091,0.093,0.066,0.082,-0.009,0.075
1942,7,-0.05,0.109,-0.021,0.101,0.09,0.096,0.065,0.082,-0.008,0.075
1942,8,-0.087,0.147,-0.017,0.109,0.086,0.098,0.063,0.082,-0.007,0.075
1942,9,-0.026,0.162,-0.028,0.112,0.082,0.099,0.061,0.082,-0.007,0.075
1942,10,-0.013,0.219,-0.022,0.117,0.08,0.102,0.059,0.083,-0.006,0.076
1942,11,-0.025,0.241,-0.024,0.112,0.076,0.104,0.058,0.083,-0.006,0.076
1942,12,-0.015,0.166,-0.028,0.106,0.073,0.105,0.057,0.083,-0.005,0.076
1943,1,-0.092,0.196,-0.024,0.105,0.07,0.104,0.056,0.084,-0.004,0.076
1943,2,0.03,0.183,-0.014,0.11,0.071,0.104,0.053,0.085,-0.002,0.076
1943,3,-0.126,0.18,-0.01,0.108,0.069,0.108,0.051,0.085,-0.0,0.076
1943,4,0.039,0.174,0.014,0.112,0.07,0.108,0.049,0.086,0.002,0.076
1943,5,0.036,0.097,0.025,0.106,0.069,0.111,0.051,0.086,0.004,0.076
1943,6,-0.002,0.118,0.036,0.114,0.063,0.113,0.051,0.086,0.006,0.076
1943,7,-0.007,0.217,0.063,0.116,0.065,0.114,0.051,0.086,0.007,0.076
1943,8,0.037,0.215,0.073,0.109,0.062,0.113,0.051,0.087,0.008,0.077
1943,9,0.014,0.172,0.1,0.107,0.061,0.112,0.049,0.086,0.009,0.076
1943,10,0.276,0.218,0.103,0.107,0.061,0.112,0.047,0.087,0.01,0.076
1943,11,0.113,0.193,0.113,0.117,0.059,0.112,0.045,0.088,0.011,0.075
1943,12,0.115,0.266,0.117,0.129,0.054,0.108,0.043,0.088,0.014,0.075
1944,1,0.228,0.208,0.128,0.131,0.049,0.107,0.044,0.089,0.014,0.075
1944,2,0.157,0.162,0.14,0.135,0.046,0.107,0.042,0.09,0.014,0.075
1944,3,0.192,0.173,0.159,0.151,0.047,0.106,0.043,0.091,0.015,0.075
1944,4,0.08,0.171,0.158,0.146,0.043,0.106,0.042,0.091,0.015,0.075
1944,5,0.151,0.157,0.152,0.144,0.041,0.106,0.04,0.091,0.015,0.075
1944,6,0.045,0.222,0.151,0.135,0.035,0.105,0.038,0.091,0.015,0.075
1944,7,0.126,0.231,0.137,0.139,0.031,0.106,0.037,0.092,0.015,0.074
1944,8,0.187,0.199,0.124,0.145,0.031,0.106,0.035,0.092,0.015,0.074
1944,9,0.242,0.296,0.105,0.149,0.032,0.107,0.033,0.092,0.015,0.073
1944,10,0.255,0.162,0.108,0.161,0.034,0.106,0.032,0.093,0.015,0.073
1944,11,0.041,0.123,0.094,0.164,0.032,0.104,0.03,0.093,0.015,0.073
1944,12,0.106,0.172,0.091,0.163,0.033,0.105,0.026,0.094,0.015,0.072
1945,1,0.058,0.211,0.081,0.154,0.033,0.105,0.022,0.094,0.016,0.072
1945,2,0.002,0.216,0.083,0.146,0.033,0.105,0.017,0.095,0.015,0.072
1945,3,-0.028,0.23,0.069,0.146,0.032,0.106,0.014,0.095,0.014,0.072
1945,4,0.114,0.275,0.068,0.143,0.034,0.107,0.01,0.094,0.014,0.072
1945,5,-0.025,0.186,0.068,0.153,0.035,0.106,0.008,0.094,0.014,0.072
1945,6,0.011,0.232,0.049,0.155,0.033,0.107,0.006,0.093,0.014,0.072
1945,7,0.005,0.157,0.046,0.158,0.035,0.106,0.004,0.093,0.013,0.071
1945,8,0.212,0.228,0.035,0.154,0.032,0.106,0.002,0.093,0.014,0.071
1945,9,0.078,0.254,0.035,0.149,0.031,0.106,-0.001,0.093,0.014,0.07
1945,10,0.243,0.179,0.03,0.135,0.028,0.104,-0.003,0.094,0.014,0.07
1945,11,0.043,0.225,0.032,0.123,0.029,0.106,-0.006,0.093,0.014,0.07
1945,12,-0.13,0.22,0.014,0.101,0.03,0.107,-0.01,0.093,0.013,0.07
1946,1,0.032,0.222,0.009,0.102,0.029,0.107,-0.012,0.093,0.014,0.07
1946,2,-0.135,0.213,-0.018,0.11,0.029,0.108,-0.017,0.093,0.014,0.069
1946,3,-0.027,0.242,-0.029,0.11,0.027,0.109,-0.018,0.092,0.014,0.069
1946,4,0.049,0.141,-0.048,0.117,0.023,0.11,-0.02,0.092,0.013,0.069
1946,5,-0.001,0.158,-0.056,0.123,0.018,0.111,-0.02,0.092,0.012,0.069
1946,6,-0.204,0.181,-0.064,0.135,0.012,0.111,-0.02,0.092,0.012,0.068
1946,7,-0.048,0.25,-0.07,0.135,0.009,0.113,-0.021,0.092,0.011,0.068
1946,8,-0.118,0.294,-0.061,0.131,0.002,0.114,-0.021,0.092,0.01,0.067
1946,9,-0.05,0.243,-0.05,0.136,-0.003,0.115,-0.019,0.091,0.009,0.067
1946,10,0.014,0.222,-0.051,0.141,-0.006,0.115,-0.019,0.092,0.007,0.067
1946,11,-0.05,0.216,-0.053,0.138,-0.009,0.114,-0.019,0.091,0.007,0.066
1946,12,-0.236,0.19,-0.03,0.138,-0.012,0.114,-0.019,0.091,0.006,0.066
1947,1,-0.036,0.204,-0.026,0.136,-0.017,0.115,-0.019,0.091,0.006,0.066
1947,2,-0.03,0.195,-0.025,0.14,-0.021,0.116,-0.018,0.091,0.005,0.066
1947,3,0.107,0.228,-0.028,0.143,-0.028,0.115,-0.019,0.091,0.005,0.066
1947,4,0.04,0.133,-0.021,0.142,-0.033,0.115,-0.018,0.091,0.005,0.066
1947,5,-0.028,0.165,-0.015,0.14,-0.036,0.115,-0.017,0.091,0.005,0.066
1947,6,0.074,0.202,-0.005,0.141,-0.039,0.114,-0.017,0.091,0.006,0.066
1947,7,-0.002,0.286,-0.002,0.142,-0.045,0.112,-0.015,0.091,0.005,0.066
1947,8,-0.103,0.269,-0.012,0.142,-0.052,0.11,-0.014,0.091,0.005,0.065
1947,9,-0.081,0.197,-0.037,0.139,-0.054,0.108,-0.012,0.09,0.004,0.064
1947,10,0.094,0.231,-0.052,0.138,-0.059,0.106,-0.011,0.091,0.004,0.064
1947,11,0.022,0.165,-0.037,0.148,-0.06,0.105,-0.012,0.092,0.004,0.064
1947,12,-0.117,0.19,-0.041,0.149,-0.061,0.104,-0.011,0.092,0.004,0.064
1948,1,-0.002,0.174,-0.046,0.141,-0.062,0.106,-0.01,0.091,0.005,0.064
1948,2,-0.148,0.139,-0.036,0.141,-0.067,0.108,-0.009,0.091,0.005,0.064
1948,3,-0.198,0.189,-0.038,0.144,-0.071,0.107,-0.007,0.091,0.005,0.064
1948,4,-0.138,0.141,-0.044,0.147,-0.076,0.107,-0.005,0.091,0.005,0.064
1948,5,0.151,0.205,-0.059,0.143,-0.082,0.105,-0.002,0.091,0.005,0.064
1948,6,0.028,0.194,-0.071,0.132,-0.083,0.107,-0.0,0.091,0.005,0.064
1948,7,-0.056,0.134,-0.067,0.127,-0.09,0.106,0.001,0.092,0.005,0.064
1948,8,0.01,0.266,-0.073,0.125,-0.095,0.106,0.001,0.093,0.005,0.064
1948,9,-0.1,0.248,-0.066,0.123,-0.098,0.106,0.002,0.093,0.004,0.064
1948,10,0.018,0.278,-0.063,0.124,-0.1,0.107,0.001,0.092,0.003,0.063
1948,11,-0.155,0.217,-0.08,0.116,-0.099,0.107,-0.0,0.092,0.003,0.063
1948,12,-0.262,0.157,-0.094,0.115,-0.093,0.107,-0.0,0.092,0.003,0.063
1949,1,0.044,0.195,-0.101,0.125,-0.092,0.105,-0.004,0.092,0.004,0.063
1949,2,-0.219,0.148,-0.11,0.125,-0.088,0.103,-0.005,0.092,0.004,0.063
1949,3,-0.107,0.17,-0.114,0.126,-0.085,0.101,-0.007,0.092,0.005,0.063
1949,4,-0.107,0.178,-0.119,0.127,-0.081,0.1,-0.009,0.093,0.006,0.063
1949,5,-0.059,0.155,-0.118,0.127,-0.08,0.099,-0.011,0.093,0.005,0.063
1949,6,-0.133,0.168,-0.103,0.133,-0.073,0.099,-0.011,0.093,0.005,0.063
1949,7,-0.139,0.174,-0.134,0.126,-0.07,0.099,-0.013,0.092,0.005,0.063
1949,8,-0.097,0.264,-0.147,0.124,-0.067,0.099,-0.015,0.09,0.005,0.062
1949,9,-0.151,0.181,-0.152,0.117,-0.07,0.098,-0.018,0.088,0.004,0.061
1949,10,-0.043,0.181,-0.16,0.112,-0.069,0.099,-0.02,0.087,0.004,0.061
1949,11,-0.143,0.215,-0.159,0.109,-0.066,0.101,-0.02,0.086,0.003,0.062
1949,12,-0.079,0.216,-0.152,0.108,-0.066,0.101,-0.021,0.085,0.001,0.062
1950,1,-0.331,0.121,-0.144,0.103,-0.064,0.101,-0.02,0.083,0.001,0.062
1950,2,-0.372,0.101,-0.145,0.1,-0.06,0.1,-0.022,0.082,0.0,0.062
1950,3,-0.175,0.127,-0.147,0.092,-0.057,0.098,-0.024,0.082,-0.002,0.062
1950,4,-0.194,0.074,-0.15,0.09,-0.057,0.097,-0.027,0.081,-0.004,0.061
1950,5,-0.047,0.089,-0.164,0.082,-0.058,0.097,-0.029,0.081,-0.005,0.061
1950,6,-0.051,0.191,-0.174,0.076,-0.056,0.095,-0.03,0.081,-0.006,0.061
1950,7,-0.049,0.18,-0.177,0.081,-0.055,0.092,-0.031,0.083,-0.007,0.061
1950,8,-0.103,0.237,-0.182,0.084,-0.049,0.092,-0.032,0.083,-0.007,0.061
1950,9,-0.175,0.195,-0.184,0.093,-0.044,0.091,-0.033,0.082,-0.008,0.061
1950,10,-0.086,0.183,-0.176,0.105,-0.037,0.093,-0.036,0.082,-0.009,0.061
1950,11,-0.309,0.111,-0.165,0.108,-0.034,0.092,-0.038,0.081,-0.01,0.061
1950,12,-0.198,0.061,-0.15,0.108,-0.031,0.092,-0.039,0.081,-0.01,0.061
1951,1,-0.361,0.092,-0.143,0.106,-0.028,0.094,-0.041,0.081,-0.009,0.061
1951,2,-0.44,0.135,-0.122,0.103,-0.027,0.094,-0.041,0.08,-0.009,0.06
1951,3,-0.196,0.134,-0.097,0.095,-0.024,0.091,-0.044,0.08,-0.009,0.06
1951,4,-0.099,0.192,-0.07,0.094,-0.021,0.089,-0.046,0.08,-0.009,0.06
1951,5,0.08,0.143,-0.044,0.095,-0.019,0.087,-0.048,0.078,-0.009,0.06
1951,6,0.135,0.168,-0.012,0.098,-0.012,0.088,-0.048,0.078,-0.008,0.06
1951,7,0.033,0.171,0.032,0.097,-0.016,0.086,-0.049,0.077,-0.009,0.06
1951,8,0.147,0.164,0.078,0.096,-0.013,0.086,-0.05,0.075,-0.009,0.06
1951,9,0.127,0.096,0.089,0.097,-0.012,0.085,-0.052,0.075,-0.009,0.06
1951,10,0.241,0.195,0.107,0.102,-0.013,0.085,-0.054,0.073,-0.01,0.06
1951,11,0.001,0.162,0.111,0.111,-0.013,0.086,-0.055,0.073,-0.01,0.06
1951,12,0.182,0.119,0.107,0.117,-0.011,0.086,-0.053,0.072,-0.011,0.059
1952,1,0.169,0.108,0.114,0.115,-0.01,0.084,-0.054,0.072,-0.012,0.059
1952,2,0.112,0.09,0.112,0.113,-0.01,0.08,-0.054,0.071,-0.011,0.059
1952,3,-0.057,0.138,0.113,0.114,-0.009,0.078,-0.056,0.07,-0.011,0.059
1952,4,0.112,0.217,0.1,0.116,-0.007,0.076,-0.057,0.069,-0.011,0.059
1952,5,0.125,0.239,0.093,0.112,-0.003,0.072,-0.055,0.069,-0.012,0.059
1952,6,0.097,0.221,0.08,0.107,-0.003,0.071,-0.055,0.069,-0.012,0.059
1952,7,0.109,0.163,0.071,0.097,0.005,0.071,-0.054,0.068,-0.012,0.058
1952,8,0.122,0.183,0.079,0.096,0.008,0.072,-0.053,0.067,-0.012,0.058
1952,9,0.139,0.114,0.092,0.099,0.005,0.073,-0.052,0.066,-0.012,0.058
1952,10,0.095,0.171,0.108,0.098,0.005,0.074,-0.051,0.064,-0.012,0.058
1952,11,-0.09,0.117,0.122,0.094,0.002,0.075,-0.051,0.063,-0.012,0.059
1952,12,0.033,0.156,0.134,0.091,0.001,0.075,-0.049,0.063,-0.012,0.059
1953,1,0.059,0.195,0.134,0.091,-0.001,0.075,-0.046,0.062,-0.012,0.058
1953,2,0.202,0.101,0.132,0.098,0.003,0.072,-0.044,0.061,-0.011,0.058
1953,3,0.098,0.163,0.127,0.101,0.004,0.07,-0.041,0.06,-0.012,0.058
1953,4,0.308,0.205,0.131,0.095,0.005,0.068,-0.04,0.06,-0.012,0.057
1953,5,0.289,0.156,0.139,0.088,0.006,0.067,-0.041,0.06,-0.013,0.057
1953,6,0.242,0.14,0.148,0.088,0.005,0.066,-0.042,0.06,-0.013,0.057
1953,7,0.109,0.18,0.128,0.087,0.008,0.065,-0.041,0.06,-0.012,0.057
1953,8,0.103,0.278,0.108,0.081,0.012,0.064,-0.041,0.059,-0.011,0.056
1953,9,0.076,0.152,0.093,0.076,0.011,0.063,-0.041,0.058,-0.011,0.057
1953,10,0.148,0.124,0.058,0.073,0.008,0.062,-0.041,0.057,-0.011,0.056
1953,11,0.002,0.091,0.026,0.074,0.003,0.061,-0.039,0.057,-0.011,0.056
1953,12,0.141,0.083,0.006,0.074,-0.003,0.06,-0.036,0.057,-0.011,0.056
1954,1,-0.186,0.071,-0.008,0.063,-0.005,0.058,-0.036,0.057,-0.012,0.057
1954,2,-0.034,0.099,-0.024,0.049,-0.013,0.055,-0.034,0.057,-0.014,0.056
1954,3,-0.078,0.123,-0.041,0.053,-0.019,0.056,-0.033,0.056,-0.016,0.056
1954,4,-0.117,0.131,-0.047,0.055,-0.026,0.054,-0.03,0.056,-0.018,0.056
1954,5,-0.1,0.16,-0.04,0.047,-0.029,0.053,-0.029,0.056,-0.019,0.056
1954,6,0.011,0.156,-0.058,0.052,-0.033,0.052,-0.028,0.056,-0.02,0.056
1954,7,-0.067,0.182,-0.03,0.056,-0.038,0.05,-0.026,0.055,-0.021,0.055
1954,8,-0.087,0.169,-0.043,0.065,-0.041,0.049,-0.025,0.053,-0.022,0.055
1954,9,-0.124,0.156,-0.064,0.07,-0.043,0.048,-0.025,0.052,-0.025,0.054
1954,10,0.073,0.075,-0.072,0.074,-0.044,0.045,-0.024,0.051,-0.027,0.054
1954,11,0.095,0.162,-0.082,0.079,-0.045,0.043,-0.024,0.051,-0.028,0.053
1954,12,-0.082,0.126,-0.092,0.079,-0.043,0.041,-0.024,0.05,-0.03,0.053
1955,1,0.145,0.132,-0.099,0.069,-0.045,0.041,-0.021,0.05,-0.031,0.052
1955,2,-0.185,0.105,-0.08,0.063,-0.045,0.04,-0.017,0.05,-0.031,0.052
1955,3,-0.328,0.159,-0.079,0.057,-0.047,0.039,-0.019,0.05,-0.032,0.051
1955,4,-0.217,0.143,-0.089,0.057,-0.046,0.038,-0.018,0.05,-0.033,0.051
1955,5,-0.211,0.193,-0.118,0.058,-0.044,0.037,-0.019,0.05,-0.034,0.05
1955,6,-0.111,0.125,-0.135,0.059,-0.042,0.038,-0.018,0.05,-0.034,0.05
1955,7,-0.158,0.151,-0.158,0.057,-0.038,0.039,-0.018,0.049,-0.035,0.051
1955,8,0.138,0.084,-0.16,0.058,-0.039,0.039,-0.017,0.048,-0.036,0.051
1955,9,-0.112,0.072,-0.156,0.052,-0.039,0.038,-0.015,0.047,-0.037,0.05
1955,10,-0.038,0.128,-0.16,0.044,-0.044,0.037,-0.014,0.046,-0.038,0.05
1955,11,-0.254,0.118,-0.163,0.038,-0.048,0.038,-0.013,0.045,-0.039,0.05
1955,12,-0.289,0.105,-0.17,0.038,-0.052,0.039,-0.01,0.044,-0.038,0.05
1956,1,-0.129,0.122,-0.166,0.039,-0.053,0.038,-0.007,0.044,-0.039,0.049
1956,2,-0.21,0.114,-0.202,0.032,-0.055,0.037,-0.002,0.044,-0.039,0.049
1956,3,-0.282,0.111,-0.214,0.035,-0.058,0.039,0.0,0.044,-0.039,0.049
1956,4,-0.262,0.074,-0.227,0.035,-0.06,0.041,0.002,0.043,-0.04,0.049
1956,5,-0.257,0.114,-0.221,0.042,-0.059,0.041,0.003,0.043,-0.04,0.049
1956,6,-0.187,0.098,-0.199,0.042,-0.061,0.042,0.003,0.043,-0.039,0.048
1956,7,-0.116,0.082,-0.201,0.044,-0.057,0.041,0.003,0.043,-0.039,0.048
1956,8,-0.29,0.097,-0.191,0.05,-0.056,0.042,0.002,0.042,-0.038,0.047
1956,9,-0.253,0.095,-0.178,0.05,-0.053,0.043,0.001,0.042,-0.038,0.047
1956,10,-0.2,0.098,-0.156,0.053,-0.048,0.043,-0.001,0.041,-0.039,0.046
1956,11,-0.178,0.119,-0.125,0.054,-0.046,0.043,-0.001,0.041,-0.039,0.046
1956,12,-0.027,0.117,-0.094,0.05,-0.045,0.042,-0.003,0.04,-0.038,0.046
1957,1,-0.15,0.064,-0.084,0.05,-0.043,0.041,-0.004,0.04,-0.038,0.045
1957,2,-0.094,0.096,-0.051,0.052,-0.041,0.04,-0.004,0.04,-0.039,0.045
1957,3,-0.123,0.091,-0.026,0.05,-0.04,0.04,-0.003,0.04,-0.04,0.045
1957,4,0.004,0.053,0.0,0.047,-0.041,0.041,-0.004,0.039,-0.04,0.045
1957,5,0.116,0.068,0.021,0.047,-0.045,0.042,-0.006,0.038,-0.04,0.045
1957,6,0.178,0.066,0.034,0.05,-0.044,0.043,-0.007,0.037,-0.04,0.044
1957,7,0.005,0.078,0.072,0.055,-0.047,0.043,-0.008,0.037,-0.04,0.044
1957,8,0.112,0.069,0.094,0.054,-0.042,0.043,-0.01,0.037,-0.04,0.043
1957,9,0.042,0.103,0.112,0.053,-0.042,0.042,-0.012,0.037,-0.04,0.042
1957,10,0.117,0.093,0.112,0.058,-0.042,0.042,-0.012,0.037,-0.04,0.041
1957,11,0.076,0.128,0.107,0.063,-0.04,0.04,-0.012,0.037,-0.04,0.041
1957,12,0.122,0.121,0.089,0.064,-0.038,0.04,-0.012,0.037,-0.04,0.041
1958,1,0.307,0.099,0.091,0.064,-0.035,0.039,-0.013,0.036,-0.041,0.041
1958,2,0.165,0.105,0.08,0.071,-0.037,0.039,-0.014,0.036,-0.041,0.04
1958,3,0.093,0.06,0.069,0.071,-0.035,0.039,-0.017,0.035,-0.04,0.04
1958,4,0.008,0.099,0.064,0.075,-0.034,0.038,-0.02,0.034,-0.04,0.039
1958,5,0.052,0.105,0.06,0.075,-0.032,0.039,-0.023,0.034,-0.042,0.039
1958,6,-0.036,0.107,0.055,0.072,-0.024,0.039,-0.025,0.034,-0.042,0.039
1958,7,0.038,0.079,0.034,0.067,-0.022,0.04,-0.025,0.033,-0.042,0.039
1958,8,-0.02,0.138,0.021,0.067,-0.016,0.041,-0.024,0.032,-0.043,0.038
1958,9,-0.095,0.086,0.022,0.066,-0.011,0.041,-0.023,0.032,-0.043,0.038
1958,10,0.061,0.105,0.034,0.062,-0.004,0.041,-0.022,0.033,-0.043,0.037
1958,11,0.028,0.092,0.035,0.059,0.003,0.042,-0.021,0.033,-0.043,0.037
1958,12,0.059,0.061,0.044,0.055,0.009,0.042,-0.022,0.033,-0.042,0.037
1959,1,0.058,0.043,0.045,0.053,0.011,0.042,-0.021,0.033,-0.043,0.037
1959,2,0.005,0.107,0.046,0.048,0.017,0.042,-0.022,0.033,-0.042,0.036
1959,3,0.108,0.093,0.048,0.04,0.021,0.042,-0.024,0.033,-0.042,0.036
1959,4,0.154,0.089,0.045,0.043,0.025,0.042,-0.026,0.032,-0.041,0.036
1959,5,0.057,0.099,0.031,0.043,0.028,0.04,-0.028,0.032,-0.04,0.036
1959,6,0.07,0.068,0.026,0.047,0.026,0.04,-0.028,0.032,-0.039,0.036
1959,7,0.057,0.106,0.018,0.046,0.029,0.041,-0.028,0.031,-0.039,0.036
1959,8,-0.004,0.058,0.026,0.048,0.032,0.041,-0.029,0.032,-0.039,0.035
1959,9,-0.072,0.095,-0.012,0.052,0.036,0.041,-0.031,0.033,-0.038,0.034
1959,10,0.016,0.12,-0.04,0.054,0.037,0.041,-0.034,0.033,-0.037,0.033
1959,11,-0.141,0.075,-0.051,0.056,0.032,0.041,-0.037,0.034,-0.036,0.033
1959,12,0.005,0.082,-0.058,0.06,0.029,0.041,-0.039,0.034,-0.035,0.033
1960,1,-0.043,0.058,-0.063,0.059,0.028,0.04,-0.041,0.035,-0.033,0.032
1960,2,0.101,0.065,-0.059,0.059,0.025,0.041,-0.041,0.035,-0.031,0.032
1960,3,-0.345,0.08,-0.052,0.056,0.023,0.041,-0.04,0.034,-0.03,0.032
1960,4,-0.182,0.066,-0.05,0.052,0.021,0.041,-0.04,0.034,-0.029,0.032
1960,5,-0.072,0.116,-0.052,0.049,0.02,0.04,-0.039,0.033,-0.029,0.032
1960,6,-0.01,0.101,-0.038,0.048,0.018,0.04,-0.039,0.033,-0.029,0.032
1960,7,-0.011,0.086,-0.031,0.046,0.012,0.039,-0.039,0.032,-0.029,0.032
1960,8,0.046,0.032,-0.028,0.045,0.011,0.039,-0.041,0.032,-0.029,0.032
1960,9,0.016,0.062,0.002,0.043,0.005,0.039,-0.041,0.032,-0.028,0.031
1960,10,0.037,0.069,0.029,0.041,0.003,0.038,-0.041,0.032,-0.028,0.031
1960,11,-0.165,0.057,0.048,0.04,0.001,0.037,-0.039,0.033,-0.027,0.031
1960,12,0.173,0.066,0.063,0.04,0.001,0.036,-0.037,0.032,-0.027,0.03
1961,1,0.042,0.066,0.066,0.042,0.003,0.035,-0.037,0.033,-0.025,0.03
1961,2,0.138,0.044,0.066,0.042,0.008,0.034,-0.036,0.033,-0.025,0.03
1961,3,0.014,0.071,0.065,0.045,0.013,0.034,-0.034,0.033,-0.025,0.03
1961,4,0.144,0.072,0.065,0.047,0.015,0.033,-0.033,0.033,-0.025,0.03
1961,5,0.153,0.076,0.08,0.047,0.017,0.033,-0.032,0.033,-0.026,0.03
1961,6,0.166,0.13,0.054,0.051,0.017,0.033,-0.03,0.032,-0.027,0.03
1961,7,0.029,0.076,0.053,0.053,0.014,0.034,-0.029,0.032,-0.027,0.03
1961,8,0.044,0.078,0.05,0.054,0.012,0.033,-0.027,0.032,-0.029,0.029
1961,9,0.005,0.113,0.058,0.052,0.005,0.033,-0.025,0.031,-0.029,0.029
1961,10,0.032,0.08,0.048,0.049,-0.004,0.032,-0.024,0.031,-0.031,0.028
1961,11,0.017,0.051,0.023,0.047,-0.01,0.032,-0.023,0.031,-0.031,0.028
1961,12,-0.136,0.062,0.007,0.042,-0.012,0.032,-0.023,0.03,-0.032,0.027
1962,1,0.026,0.052,0.001,0.041,-0.014,0.031,-0.023,0.031,-0.034,0.027
1962,2,0.108,0.078,-0.007,0.044,-0.017,0.031,-0.024,0.031,-0.036,0.027
1962,3,0.106,0.087,-0.013,0.038,-0.022,0.032,-0.023,0.031,-0.035,0.027
1962,4,0.025,0.073,-0.016,0.037,-0.026,0.031,-0.024,0.031,-0.036,0.026
1962,5,-0.144,0.071,-0.017,0.041,-0.028,0.03,-0.024,0.031,-0.036,0.025
1962,6,-0.029,0.075,-0.007,0.042,-0.034,0.029,-0.026,0.031,-0.037,0.025
1962,7,-0.044,0.089,-0.013,0.041,-0.034,0.029,-0.026,0.031,-0.037,0.025
1962,8,-0.047,0.09,-0.013,0.044,-0.039,0.029,-0.027,0.031,-0.037,0.025
1962,9,-0.073,0.087,-0.045,0.044,-0.037,0.029,-0.028,0.03,-0.037,0.025
1962,10,-0.005,0.075,-0.056,0.043,-0.037,0.029,-0.028,0.03,-0.037,0.025
1962,11,0.013,0.092,-0.051,0.044,-0.038,0.03,-0.03,0.03,-0.037,0.024
1962,12,-0.02,0.044,-0.049,0.042,-0.04,0.03,-0.031,0.03,-0.036,0.024
1963,1,-0.046,0.047,-0.033,0.034,-0.042,0.031,-0.036,0.029,-0.035,0.024
1963,2,0.105,0.098,-0.005,0.033,-0.044,0.031,-0.039,0.029,-0.035,0.024
1963,3,-0.27,0.058,0.017,0.029,-0.048,0.031,-0.039,0.028,-0.035,0.024
1963,4,-0.109,0.045,0.032,0.027,-0.048,0.032,-0.04,0.028,-0.035,0.024
1963,5,-0.093,0.053,0.043,0.022,-0.046,0.033,-0.042,0.027,-0.035,0.024
1963,6,0.003,0.056,0.05,0.024,-0.05,0.033,-0.042,0.027,-0.035,0.024
1963,7,0.148,0.068,0.045,0.026,-0.053,0.033,-0.044,0.027,-0.035,0.024
1963,8,0.29,0.098,0.025,0.029,-0.057,0.033,-0.045,0.026,-0.036,0.023
1963,9,0.184,0.091,0.02,0.032,-0.058,0.033,-0.045,0.026,-0.036,0.023
1963,10,0.183,0.06,-0.001,0.034,-0.062,0.033,-0.045,0.026,-0.036,0.023
1963,11,0.142,0.063,-0.018,0.036,-0.066,0.033,-0.046,0.025,-0.036,0.023
1963,12,0.056,0.085,-0.022,0.039,-0.069,0.032,-0.048,0.025,-0.036,0.023
1964,1,-0.104,0.067,-0.041,0.043,-0.068,0.032,-0.049,0.025,-0.036,0.023
1964,2,-0.137,0.08,-0.083,0.044,-0.07,0.033,-0.05,0.025,-0.038,0.023
1964,3,-0.326,0.062,-0.126,0.046,-0.07,0.033,-0.052,0.025,-0.038,0.023
1964,4,-0.353,0.063,-0.163,0.048,-0.073,0.032,-0.052,0.025,-0.038,0.022
1964,5,-0.298,0.092,-0.196,0.046,-0.074,0.033,-0.051,0.024,-0.038,0.022
1964,6,-0.047,0.124,-0.227,0.048,-0.072,0.033,-0.051,0.024,-0.038,0.022
1964,7,-0.079,0.079,-0.226,0.051,-0.075,0.033,-0.052,0.023,-0.038,0.021
1964,8,-0.213,0.112,-0.229,0.055,-0.081,0.034,-0.052,0.023,-0.037,0.021
1964,9,-0.334,0.086,-0.218,0.057,-0.083,0.034,-0.051,0.023,-0.037,0.021
1964,10,-0.261,0.094,-0.207,0.059,-0.085,0.035,-0.05,0.023,-0.037,0.021
1964,11,-0.262,0.032,-0.193,0.058,-0.08,0.035,-0.048,0.023,-0.038,0.021
1964,12,-0.31,0.079,-0.199,0.053,-0.08,0.035,-0.046,0.023,-0.038,0.021
1965,1,-0.09,0.069,-0.205,0.052,-0.079,0.035,-0.045,0.023,-0.039,0.021
1965,2,-0.177,0.095,-0.194,0.051,-0.079,0.035,-0.044,0.023,-0.038,0.021
1965,3,-0.192,0.076,-0.181,0.049,-0.079,0.034,-0.042,0.023,-0.036,0.021
1965,4,-0.224,0.069,-0.158,0.051,-0.078,0.035,-0.04,0.023,-0.035,0.02
1965,5,-0.127,0.097,-0.141,0.056,-0.08,0.035,-0.04,0.023,-0.034,0.02
1965,6,-0.125,0.079,-0.119,0.053,-0.081,0.035,-0.04,0.023,-0.033,0.019
1965,7,-0.144,0.1,-0.125,0.052,-0.084,0.036,-0.04,0.024,-0.033,0.02
1965,8,-0.08,0.073,-0.116,0.048,-0.089,0.036,-0.042,0.024,-0.034,0.019
1965,9,-0.181,0.073,-0.106,0.048,-0.084,0.037,-0.041,0.025,-0.034,0.019
1965,10,0.021,0.083,-0.093,0.046,-0.084,0.037,-0.041,0.025,-0.034,0.019
1965,11,-0.064,0.085,-0.094,0.043,-0.085,0.037,-0.041,0.025,-0.034,0.02
1965,12,-0.04,0.061,-0.082,0.044,-0.086,0.036,-0.043,0.026,-0.033,0.02
1966,1,-0.169,0.067,-0.063,0.047,-0.092,0.036,-0.044,0.026,-0.033,0.02
1966,2,-0.067,0.069,-0.061,0.05,-0.098,0.036,-0.047,0.026,-0.033,0.02
1966,3,-0.069,0.062,-0.048,0.056,-0.104,0.036,-0.05,0.025,-0.033,0.02
1966,4,-0.076,0.056,-0.061,0.052,-0.106,0.036,-0.052,0.025,-0.032,0.019
1966,5,-0.131,0.056,-0.059,0.055,-0.109,0.037,-0.054,0.026,-0.033,0.019
1966,6,0.016,0.065,-0.059,0.053,-0.112,0.038,-0.056,0.025,-0.032,0.019
1966,7,0.081,0.101,-0.055,0.053,-0.112,0.038,-0.058,0.025,-0.032,0.019
1966,8,-0.052,0.09,-0.071,0.054,-0.112,0.038,-0.059,0.024,-0.031,0.019
1966,9,-0.027,0.106,-0.068,0.051,-0.108,0.038,-0.06,0.024,-0.03,0.019
1966,10,-0.133,0.059,-0.067,0.052,-0.1,0.037,-0.06,0.023,-0.03,0.019
1966,11,-0.048,0.109,-0.044,0.05,-0.093,0.036,-0.061,0.023,-0.03,0.019
1966,12,-0.033,0.044,-0.049,0.049,-0.09,0.035,-0.061,0.023,-0.029,0.018
1967,1,-0.122,0.049,-0.056,0.045,-0.09,0.034,-0.064,0.023,-0.027,0.018
1967,2,-0.257,0.085,-0.053,0.042,-0.086,0.032,-0.067,0.023,-0.026,0.018
1967,3,-0.036,0.06,-0.056,0.038,-0.079,0.032,-0.068,0.023,-0.025,0.018
1967,4,-0.059,0.075,-0.042,0.039,-0.073,0.031,-0.068,0.024,-0.024,0.018
1967,5,0.142,0.052,-0.047,0.036,-0.067,0.032,-0.067,0.024,-0.023,0.018
1967,6,-0.049,0.055,-0.05,0.04,-0.058,0.032,-0.066,0.024,-0.023,0.018
1967,7,0.004,0.067,-0.061,0.038,-0.055,0.031,-0.065,0.023,-0.022,0.018
1967,8,-0.018,0.085,-0.056,0.036,-0.05,0.03,-0.064,0.023,-0.021,0.018
1967,9,-0.065,0.07,-0.047,0.035,-0.047,0.03,-0.063,0.023,-0.021,0.018
1967,10,0.041,0.067,-0.052,0.033,-0.043,0.03,-0.062,0.023,-0.021,0.017
1967,11,-0.115,0.065,-0.078,0.032,-0.041,0.029,-0.062,0.023,-0.02,0.017
1967,12,-0.068,0.073,-0.079,0.029,-0.04,0.029,-0.06,0.023,-0.02,0.017
1968,1,-0.255,0.031,-0.093,0.031,-0.038,0.029,-0.058,0.023,-0.021,0.017
1968,2,-0.196,0.071,-0.1,0.035,-0.039,0.029,-0.057,0.023,-0.022,0.017
1968,3,0.071,0.041,-0.109,0.034,-0.035,0.029,-0.053,0.024,-0.021,0.016
1968,4,-0.118,0.054,-0.105,0.033,-0.035,0.028,-0.05,0.024,-0.021,0.016
1968,5,-0.169,0.087,-0.103,0.036,-0.035,0.028,-0.047,0.025,-0.021,0.016
1968,6,-0.054,0.057,-0.106,0.033,-0.037,0.028,-0.045,0.025,-0.02,0.016
1968,7,-0.174,0.084,-0.093,0.034,-0.035,0.028,-0.046,0.025,-0.02,0.016
1968,8,-0.1,0.092,-0.089,0.037,-0.038,0.028,-0.047,0.025,-0.02,0.016
1968,9,-0.171,0.069,-0.101,0.04,-0.041,0.027,-0.049,0.025,-0.02,0.016
1968,10,0.088,0.065,-0.082,0.039,-0.042,0.027,-0.05,0.024,-0.02,0.015
1968,11,-0.094,0.095,-0.055,0.037,-0.041,0.027,-0.05,0.024,-0.019,0.015
1968,12,-0.099,0.065,-0.043,0.037,-0.043,0.027,-0.051,0.024,-0.019,0.015
1969,1,-0.103,0.057,-0.031,0.036,-0.047,0.026,-0.052,0.024,-0.019,0.015
1969,2,-0.148,0.075,-0.022,0.033,-0.049,0.026,-0.053,0.024,-0.019,0.015
1969,3,-0.066,0.074,-0.003,0.036,-0.049,0.025,-0.052,0.023,-0.019,0.015
1969,4,0.11,0.055,-0.001,0.034,-0.048,0.024,-0.05,0.023,-0.019,0.014
1969,5,0.153,0.048,0.015,0.029,-0.049,0.023,-0.048,0.023,-0.019,0.014
1969,6,0.091,0.041,0.043,0.028,-0.05,0.022,-0.048,0.022,-0.019,0.014
1969,7,-0.033,0.103,0.06,0.029,-0.053,0.023,-0.048,0.022,-0.019,0.014
1969,8,0.008,0.065,0.083,0.029,-0.052,0.022,-0.045,0.022,-0.018,0.014
1969,9,0.053,0.05,0.088,0.027,-0.052,0.022,-0.043,0.021,-0.017,0.014
1969,10,0.118,0.077,0.081,0.03,-0.051,0.022,-0.041,0.02,-0.016,0.014
1969,11,0.091,0.048,0.064,0.03,-0.054,0.021,-0.04,0.021,-0.014,0.014
1969,12,0.248,0.066,0.053,0.033,-0.052,0.021,-0.038,0.021,-0.012,0.014
1970,1,0.096,0.056,0.055,0.031,-0.051,0.021,-0.037,0.021,-0.01,0.014
1970,2,0.127,0.055,0.043,0.033,-0.049,0.022,-0.035,0.02,-0.009,0.014
1970,3,-0.011,0.07,0.042,0.033,-0.047,0.021,-0.033,0.02,-0.006,0.014
1970,4,0.032,0.068,0.033,0.032,-0.046,0.021,-0.031,0.02,-0.004,0.014
1970,5,-0.049,0.072,0.02,0.035,-0.044,0.021,-0.028,0.02,-0.002,0.014
1970,6,-0.039,0.083,-0.012,0.036,-0.039,0.02,-0.027,0.02,-0.001,0.014
1970,7,-0.012,0.074,-0.027,0.038,-0.031,0.02,-0.026,0.02,0.0,0.015
1970,8,-0.143,0.112,-0.057,0.039,-0.024,0.021,-0.027,0.02,0.002,0.015
1970,9,0.044,0.038,-0.077,0.037,-0.022,0.021,-0.026,0.02,0.002,0.015
1970,10,0.015,0.066,-0.09,0.035,-0.016,0.021,-0.027,0.02,0.003,0.015
1970,11,-0.069,0.073,-0.093,0.037,-0.009,0.021,-0.029,0.02,0.005,0.015
1970,12,-0.139,0.065,-0.1,0.035,-0.004,0.021,-0.03,0.02,0.005,0.016
1971,1,-0.085,0.074,-0.111,0.034,0.0,0.021,-0.029,0.019,0.007,0.016
1971,2,-0.226,0.086,-0.111,0.028,0.003,0.02,-0.03,0.019,0.008,0.016
1971,3,-0.254,0.033,-0.12,0.028,0.007,0.021,-0.032,0.019,0.01,0.016
1971,4,-0.128,0.048,-0.125,0.026,0.006,0.02,-0.032,0.019,0.01,0.016
1971,5,-0.079,0.075,-0.128,0.026,0.008,0.019,-0.033,0.019,0.011,0.016
1971,6,-0.128,0.068,-0.127,0.027,0.01,0.019,-0.034,0.019,0.011,0.016
1971,7,-0.14,0.06,-0.143,0.026,0.009,0.019,-0.035,0.019,0.013,0.017
1971,8,-0.139,0.068,-0.143,0.025,0.006,0.019,-0.036,0.02,0.014,0.017
1971,9,-0.069,0.059,-0.124,0.024,0.004,0.019,-0.036,0.019,0.015,0.017
1971,10,-0.048,0.054,-0.114,0.025,0.0,0.019,-0.036,0.02,0.016,0.017
1971,11,-0.096,0.024,-0.108,0.023,-0.003,0.019,-0.036,0.02,0.017,0.017
1971,12,-0.135,0.04,-0.089,0.024,-0.005,0.019,-0.035,0.019,0.019,0.017
1972,1,-0.267,0.044,-0.077,0.024,-0.006,0.019,-0.032,0.02,0.019,0.017
1972,2,-0.23,0.054,-0.053,0.022,-0.004,0.018,-0.028,0.019,0.019,0.017
1972,3,-0.023,0.067,-0.043,0.019,-0.006,0.018,-0.027,0.02,0.019,0.018
1972,4,-0.009,0.054,-0.032,0.019,-0.009,0.018,-0.024,0.02,0.019,0.018
1972,5,-0.006,0.065,-0.025,0.022,-0.012,0.019,-0.023,0.02,0.02,0.018
1972,6,0.091,0.067,0.006,0.022,-0.018,0.02,-0.02,0.02,0.021,0.018
1972,7,0.005,0.063,0.048,0.026,-0.019,0.02,-0.018,0.02,0.022,0.019
1972,8,0.151,0.05,0.088,0.026,-0.021,0.02,-0.015,0.02,0.022,0.019
1972,9,0.053,0.051,0.105,0.024,-0.019,0.02,-0.014,0.02,0.023,0.019
1972,10,0.079,0.049,0.126,0.028,-0.019,0.02,-0.013,0.02,0.024,0.019
1972,11,-0.005,0.053,0.145,0.028,-0.016,0.021,-0.011,0.021,0.024,0.019
1972,12,0.236,0.052,0.157,0.028,-0.015,0.02,-0.009,0.021,0.026,0.019
1973,1,0.235,0.06,0.166,0.03,-0.015,0.02,-0.007,0.021,0.028,0.019
1973,2,0.253,0.063,0.158,0.032,-0.016,0.021,-0.004,0.021,0.029,0.019
1973,3,0.176,0.045,0.158,0.03,-0.018,0.02,-0.003,0.021,0.032,0.02
1973,4,0.245,0.093,0.157,0.031,-0.02,0.021,-0.001,0.021,0.033,0.02
1973,5,0.221,0.075,0.16,0.03,-0.023,0.021,0.001,0.021,0.035,0.02
1973,6,0.23,0.069,0.14,0.031,-0.022,0.021,0.002,0.021,0.036,0.02
1973,7,0.123,0.061,0.105,0.027,-0.022,0.022,0.004,0.021,0.037,0.02
1973,8,0.055,0.042,0.057,0.024,-0.021,0.022,0.004,0.021,0.037,0.02
1973,9,0.046,0.08,0.03,0.023,-0.022,0.023,0.006,0.021,0.038,0.02
1973,10,0.071,0.037,-0.001,0.024,-0.022,0.023,0.006,0.021,0.038,0.02
1973,11,0.033,0.044,-0.026,0.028,-0.025,0.023,0.008,0.021,0.038,0.02
1973,12,-0.014,0.068,-0.047,0.029,-0.025,0.023,0.01,0.021,0.039,0.02
1974,1,-0.179,0.082,-0.062,0.031,-0.023,0.024,0.011,0.021,0.04,0.02
1974,2,-0.32,0.08,-0.056,0.033,-0.023,0.024,0.012,0.022,0.041,0.02
1974,3,-0.149,0.057,-0.064,0.037,-0.022,0.025,0.014,0.021,0.044,0.02
1974,4,-0.131,0.047,-0.076,0.04,-0.024,0.026,0.014,0.021,0.046,0.02
1974,5,-0.072,0.07,-0.087,0.041,-0.024,0.027,0.013,0.021,0.048,0.02
1974,6,-0.021,0.052,-0.095,0.047,-0.02,0.027,0.013,0.021,0.049,0.02
1974,7,-0.062,0.04,-0.081,0.043,-0.011,0.028,0.014,0.021,0.049,0.02
1974,8,0.126,0.043,-0.049,0.046,-0.004,0.028,0.015,0.021,0.051,0.02
1974,9,-0.055,0.122,-0.03,0.045,-0.001,0.028,0.017,0.021,0.053,0.02
1974,10,-0.061,0.089,-0.014,0.046,0.003,0.028,0.018,0.022,0.055,0.021
1974,11,-0.102,0.101,0.002,0.046,0.008,0.029,0.02,0.022,0.056,0.021
1974,12,-0.109,0.108,0.005,0.047,0.012,0.029,0.022,0.022,0.057,0.021
1975,1,-0.011,0.058,0.008,0.046,0.016,0.029,0.024,0.022,0.059,0.021
1975,2,0.064,0.081,-0.017,0.048,0.018,0.029,0.026,0.022,0.059,0.021
1975,3,0.073,0.054,-0.019,0.043,0.019,0.029,0.029,0.022,0.061,0.021
1975,4,0.061,0.078,-0.024,0.044,0.02,0.029,0.032,0.022,0.062,0.021
1975,5,0.127,0.065,-0.034,0.044,0.023,0.029,0.036,0.022,0.063,0.021
1975,6,0.007,0.087,-0.035,0.041,0.021,0.029,0.038,0.022,0.064,0.021
1975,7,-0.026,0.072,-0.042,0.039,0.018,0.029,0.041,0.022,0.065,0.021
1975,8,-0.177,0.076,-0.061,0.036,0.016,0.029,0.045,0.022,0.066,0.021
1975,9,-0.07,0.041,-0.091,0.037,0.015,0.029,0.046,0.022,0.067,0.021
1975,10,-0.119,0.09,-0.107,0.038,0.013,0.03,0.048,0.023,0.068,0.021
1975,11,-0.232,0.072,-0.14,0.036,0.012,0.03,0.05,0.023,0.068,0.021
1975,12,-0.119,0.077,-0.15,0.042,0.008,0.03,0.053,0.023,0.069,0.021
1976,1,-0.09,0.046,-0.151,0.041,0.008,0.03,0.058,0.023,0.071,0.021
1976,2,-0.161,0.049,-0.144,0.038,0.005,0.03,0.063,0.023,0.073,0.021
1976,3,-0.296,0.057,-0.141,0.041,0.006,0.029,0.069,0.023,0.074,0.021
1976,4,-0.127,0.055,-0.148,0.042,0.005,0.029,0.072,0.023,0.076,0.022
1976,5,-0.27,0.051,-0.134,0.043,0.007,0.03,0.075,0.024,0.078,0.021
1976,6,-0.113,0.092,-0.114,0.043,0.009,0.03,0.079,0.024,0.079,0.021
1976,7,-0.039,0.064,-0.087,0.045,0.014,0.03,0.083,0.024,0.079,0.021
1976,8,-0.097,0.081,-0.058,0.045,0.018,0.03,0.087,0.024,0.08,0.021
1976,9,-0.028,0.063,-0.02,0.045,0.023,0.03,0.09,0.024,0.08,0.021
1976,10,-0.206,0.082,0.009,0.047,0.027,0.03,0.092,0.025,0.082,0.022
1976,11,-0.065,0.088,0.057,0.047,0.03,0.029,0.095,0.025,0.082,0.021
1976,12,0.123,0.068,0.093,0.042,0.032,0.03,0.1,0.025,0.083,0.021
1977,1,0.236,0.081,0.118,0.044,0.034,0.029,0.102,0.026,0.085,0.021
1977,2,0.192,0.05,0.149,0.043,0.034,0.03,0.105,0.026,0.088,0.021
1977,3,0.158,0.074,0.16,0.041,0.039,0.028,0.105,0.026,0.088,0.021
1977,4,0.223,0.065,0.188,0.039,0.045,0.028,0.105,0.026,0.09,0.021
1977,5,0.302,0.054,0.211,0.036,0.051,0.028,0.107,0.026,0.09,0.022
1977,6,0.322,0.039,0.208,0.033,0.061,0.028,0.107,0.027,0.092,0.022
1977,7,0.254,0.071,0.194,0.03,0.067,0.028,0.109,0.027,0.094,0.022
1977,8,0.274,0.042,0.189,0.031,0.073,0.027,0.108,0.027,0.095,0.022
1977,9,0.104,0.071,0.186,0.029,0.078,0.027,0.109,0.027,0.097,0.022
1977,10,0.132,0.047,0.178,0.029,0.083,0.027,0.11,0.028,0.098,0.022
1977,11,0.208,0.096,0.164,0.03,0.087,0.026,0.111,0.028,0.1,0.022
1977,12,0.092,0.054,0.139,0.031,0.091,0.027,0.112,0.028,0.102,0.022
1978,1,0.065,0.047,0.129,0.03,0.097,0.027,0.114,0.028,0.105,0.022
1978,2,0.132,0.074,0.095,0.031,0.105,0.026,0.115,0.028,0.107,0.022
1978,3,0.125,0.079,0.093,0.028,0.11,0.027,0.116,0.028,0.109,0.022
1978,4,0.127,0.067,0.085,0.029,0.115,0.027,0.117,0.028,0.111,0.022
1978,5,0.132,0.036,0.08,0.025,0.123,0.026,0.118,0.028,0.114,0.022
1978,6,0.024,0.051,0.082,0.025,0.129,0.026,0.118,0.029,0.116,0.022
1978,7,0.134,0.061,0.086,0.027,0.139,0.026,0.119,0.029,0.118,0.022
1978,8,-0.142,0.065,0.067,0.027,0.148,0.026,0.121,0.029,0.12,0.022
1978,9,0.09,0.056,0.069,0.03,0.16,0.026,0.124,0.029,0.122,0.022
1978,10,0.03,0.073,0.07,0.032,0.166,0.026,0.125,0.029,0.123,0.022
1978,11,0.152,0.078,0.065,0.035,0.175,0.027,0.127,0.029,0.124,0.022
1978,12,0.117,0.046,0.073,0.037,0.183,0.026,0.129,0.029,0.126,0.022
1979,1,0.113,0.064,0.066,0.037,0.189,0.027,0.132,0.028,0.126,0.022
1979,2,-0.096,0.053,0.091,0.039,0.197,0.027,0.136,0.028,0.128,0.022
1979,3,0.143,0.069,0.103,0.04,0.202,0.026,0.139,0.028,0.13,0.021
1979,4,0.137,0.062,0.124,0.039,0.208,0.026,0.141,0.028,0.13,0.021
1979,5,0.075,0.077,0.134,0.039,0.213,0.026,0.145,0.028,0.13,0.021
1979,6,0.116,0.06,0.166,0.038,0.219,0.026,0.145,0.028,0.13,0.021
1979,7,0.052,0.058,0.186,0.036,0.216,0.026,0.147,0.029,0.132,0.021
1979,8,0.159,0.055,0.229,0.035,0.215,0.026,0.147,0.029,0.133,0.021
1979,9,0.24,0.055,0.245,0.033,0.211,0.027,0.149,0.029,0.134,0.021
1979,10,0.282,0.052,0.265,0.03,0.208,0.027,0.151,0.029,0.135,0.021
1979,11,0.265,0.05,0.289,0.027,0.206,0.027,0.152,0.029,0.136,0.02
1979,12,0.501,0.057,0.3,0.029,0.203,0.028,0.153,0.028,0.136,0.02
1980,1,0.353,0.067,0.324,0.028,0.201,0.028,0.155,0.028,0.138,0.02
1980,2,0.424,0.068,0.335,0.029,0.198,0.029,0.154,0.028,0.139,0.02
1980,3,0.331,0.05,0.334,0.033,0.199,0.029,0.154,0.027,0.142,0.02
1980,4,0.381,0.027,0.326,0.033,0.2,0.03,0.154,0.027,0.144,0.02
1980,5,0.368,0.055,0.326,0.032,0.198,0.03,0.155,0.027,0.146,0.02
1980,6,0.242,0.07,0.301,0.033,0.203,0.029,0.156,0.027,0.148,0.02
1980,7,0.34,0.04,0.314,0.031,0.21,0.03,0.156,0.027,0.15,0.02
1980,8,0.297,0.083,0.311,0.032,0.214,0.029,0.159,0.027,0.152,0.02
1980,9,0.23,0.063,0.318,0.034,0.218,0.03,0.161,0.027,0.153,0.02
1980,10,0.179,0.034,0.31,0.037,0.22,0.03,0.163,0.027,0.155,0.02
1980,11,0.264,0.045,0.299,0.037,0.224,0.03,0.166,0.026,0.157,0.019
1980,12,0.206,0.068,0.309,0.036,0.228,0.031,0.168,0.026,0.16,0.019
1981,1,0.508,0.061,0.309,0.037,0.229,0.03,0.17,0.026,0.162,0.019
1981,2,0.387,0.087,0.317,0.037,0.238,0.031,0.175,0.026,0.165,0.019
1981,3,0.416,0.055,0.317,0.035,0.243,0.032,0.179,0.026,0.167,0.019
1981,4,0.286,0.052,0.319,0.038,0.245,0.032,0.183,0.026,0.17,0.019
1981,5,0.233,0.064,0.315,0.04,0.248,0.031,0.189,0.026,0.172,0.019
1981,6,0.363,0.047,0.337,0.04,0.249,0.031,0.191,0.025,0.175,0.019
1981,7,0.34,0.079,0.301,0.039,0.251,0.031,0.193,0.025,0.178,0.019
1981,8,0.386,0.075,0.279,0.04,0.254,0.029,0.195,0.025,0.18,0.019
1981,9,0.235,0.052,0.238,0.041,0.256,0.03,0.196,0.025,0.182,0.019
1981,10,0.198,0.069,0.218,0.041,0.255,0.03,0.199,0.025,0.184,0.019
1981,11,0.22,0.076,0.212,0.043,0.26,0.029,0.201,0.024,0.186,0.019
1981,12,0.469,0.066,0.192,0.043,0.259,0.03,0.201,0.024,0.188,0.019
1982,1,0.082,0.064,0.179,0.044,0.259,0.031,0.202,0.024,0.191,0.019
1982,2,0.121,0.055,0.154,0.048,0.26,0.031,0.203,0.024,0.194,0.019
1982,3,-0.072,0.059,0.147,0.051,0.259,0.032,0.203,0.024,0.195,0.018
1982,4,0.045,0.063,0.146,0.052,0.257,0.032,0.203,0.024,0.197,0.018
1982,5,0.158,0.068,0.137,0.05,0.253,0.032,0.203,0.024,0.198,0.018
1982,6,0.126,0.074,0.131,0.049,0.244,0.032,0.203,0.024,0.199,0.018
1982,7,0.179,0.067,0.16,0.052,0.242,0.032,0.205,0.024,0.199,0.018
1982,8,0.082,0.114,0.184,0.052,0.234,0.032,0.206,0.024,0.199,0.018
1982,9,0.157,0.065,0.218,0.051,0.231,0.031,0.208,0.023,0.199,0.018
1982,10,0.18,0.094,0.237,0.052,0.226,0.031,0.21,0.023,0.199,0.018
1982,11,0.117,0.057,0.255,0.049,0.222,0.032,0.21,0.023,0.199,0.018
1982,12,0.4,0.044,0.268,0.049,0.221,0.031,0.213,0.023,0.199,0.018
1983,1,0.431,0.085,0.269,0.043,0.216,0.032,0.217,0.023,0.2,0.018
1983,2,0.401,0.063,0.291,0.04,0.214,0.032,0.219,0.023,0.2,0.018
1983,3,0.336,0.058,0.311,0.038,0.212,0.032,0.221,0.023,0.201,0.018
1983,4,0.275,0.101,0.312,0.037,0.211,0.032,0.224,0.023,0.201,0.018
1983,5,0.373,0.066,0.326,0.034,0.208,0.032,0.226,0.023,0.202,0.018
1983,6,0.281,0.066,0.31,0.034,0.207,0.032,0.229,0.023,0.202,0.018
1983,7,0.196,0.053,0.292,0.028,0.202,0.032,0.231,0.024,0.203,0.018
1983,8,0.35,0.061,0.268,0.023,0.202,0.033,0.236,0.024,0.203,0.018
1983,9,0.393,0.052,0.259,0.023,0.199,0.033,0.238,0.024,0.204,0.018
1983,10,0.187,0.063,0.246,0.023,0.2,0.032,0.241,0.024,0.205,0.018
1983,11,0.291,0.047,0.243,0.021,0.204,0.032,0.241,0.023,0.205,0.018
1983,12,0.201,0.04,0.225,0.024,0.2,0.032,0.242,0.023,0.206,0.018
1984,1,0.225,0.043,0.215,0.032,0.196,0.031,0.241,0.023,0.208,0.018
1984,2,0.104,0.059,0.202,0.037,0.193,0.03,0.245,0.022,0.209,0.018
1984,3,0.235,0.059,0.187,0.041,0.191,0.03,0.245,0.022,0.211,0.018
1984,4,0.117,0.054,0.184,0.041,0.19,0.03,0.247,0.022,0.214,0.017
1984,5,0.337,0.045,0.161,0.044,0.189,0.029,0.247,0.022,0.215,0.017
1984,6,0.063,0.086,0.14,0.044,0.184,0.028,0.247,0.022,0.217,0.017
1984,7,0.082,0.095,0.141,0.044,0.187,0.029,0.25,0.021,0.219,0.017
1984,8,0.191,0.083,0.129,0.043,0.192,0.028,0.251,0.021,0.219,0.017
1984,9,0.214,0.062,0.119,0.041,0.195,0.028,0.252,0.021,0.221,0.016
1984,10,0.144,0.068,0.118,0.04,0.198,0.028,0.252,0.021,0.223,0.016
1984,11,0.019,0.069,0.102,0.043,0.2,0.027,0.252,0.021,0.225,0.016
1984,12,-0.047,0.029,0.11,0.041,0.204,0.027,0.251,0.021,0.228,0.016
1985,1,0.235,0.066,0.105,0.04,0.209,0.026,0.251,0.02,0.23,0.016
1985,2,-0.045,0.044,0.105,0.04,0.213,0.025,0.251,0.02,0.233,0.015
1985,3,0.118,0.059,0.096,0.038,0.217,0.024,0.254,0.019,0.234,0.015
1985,4,0.101,0.053,0.097,0.038,0.219,0.023,0.255,0.019,0.236,0.015
1985,5,0.152,0.082,0.1,0.038,0.221,0.022,0.257,0.019,0.237,0.015
1985,6,0.162,0.052,0.119,0.043,0.223,0.022,0.258,0.019,0.239,0.015
1985,7,0.023,0.077,0.115,0.043,0.224,0.022,0.259,0.019,0.242,0.014
1985,8,0.182,0.094,0.151,0.043,0.223,0.021,0.26,0.019,0.245,0.014
1985,9,0.114,0.082,0.159,0.045,0.225,0.021,0.26,0.019,0.247,0.014
1985,10,0.151,0.077,0.181,0.043,0.227,0.021,0.263,0.019,0.25,0.014
1985,11,0.057,0.051,0.207,0.037,0.228,0.021,0.264,0.018,0.252,0.014
1985,12,0.18,0.067,0.204,0.035,0.23,0.02,0.266,0.018,0.254,0.014
1986,1,0.191,0.048,0.212,0.028,0.233,0.021,0.265,0.018,0.256,0.014
1986,2,0.385,0.05,0.212,0.023,0.234,0.021,0.266,0.018,0.259,0.014
1986,3,0.212,0.046,0.212,0.022,0.234,0.021,0.265,0.018,0.262,0.013
1986,4,0.363,0.037,0.214,0.02,0.237,0.02,0.267,0.017,0.264,0.013
1986,5,0.461,0.021,0.219,0.021,0.234,0.02,0.269,0.017,0.266,0.013
1986,6,0.129,0.054,0.218,0.018,0.235,0.019,0.271,0.017,0.268,0.013
1986,7,0.122,0.063,0.228,0.019,0.232,0.02,0.272,0.016,0.27,0.013
1986,8,0.18,0.073,0.227,0.018,0.235,0.019,0.273,0.016,0.272,0.013
1986,9,0.112,0.054,0.222,0.02,0.235,0.019,0.275,0.016,0.274,0.013
1986,10,0.179,0.066,0.211,0.023,0.238,0.018,0.276,0.015,0.276,0.013
1986,11,0.114,0.051,0.193,0.024,0.234,0.018,0.277,0.014,0.278,0.012
1986,12,0.175,0.045,0.215,0.025,0.236,0.017,0.276,0.014,0.279,0.012
1987,1,0.3,0.05,0.244,0.028,0.24,0.015,0.279,0.014,0.279,0.012
1987,2,0.379,0.039,0.257,0.028,0.242,0.014,0.282,0.014,0.28,0.012
1987,3,0.152,0.037,0.279,0.027,0.244,0.014,0.286,0.014,0.282,0.012
1987,4,0.228,0.076,0.291,0.025,0.248,0.013,0.288,0.014,0.283,0.012
1987,5,0.242,0.045,0.301,0.026,0.25,0.012,0.289,0.013,0.283,0.012
1987,6,0.397,0.051,0.327,0.026,0.258,0.012,0.291,0.013,0.284,0.012
1987,7,0.47,0.064,0.343,0.03,0.26,0.011,0.29,0.013,0.285,0.012
1987,8,0.336,0.063,0.342,0.03,0.267,0.01,0.291,0.013,0.286,0.012
1987,9,0.375,0.053,0.364,0.028,0.277,0.01,0.29,0.012,0.288,0.012
1987,10,0.324,0.069,0.381,0.03,0.285,0.01,0.289,0.012,0.29,0.012
1987,11,0.233,0.032,0.395,0.031,0.291,0.01,0.288,0.012,0.292,0.011
1987,12,0.49,0.045,0.397,0.027,0.295,0.01,0.287,0.012,0.294,0.011
1988,1,0.491,0.053,0.387,0.024,0.303,0.01,0.286,0.012,0.297,0.011
1988,2,0.365,0.055,0.394,0.025,0.306,0.011,0.286,0.012,0.3,0.011
1988,3,0.415,0.047,0.396,0.023,0.309,0.011,0.286,0.012,0.302,0.011
1988,4,0.432,0.049,0.398,0.024,0.315,0.011,0.286,0.012,0.304,0.011
1988,5,0.407,0.049,0.388,0.024,0.321,0.011,0.285,0.012,0.307,0.011
1988,6,0.431,0.038,0.371,0.022,0.325,0.011,0.286,0.012,0.31,0.011
1988,7,0.341,0.027,0.332,0.023,0.328,0.011,0.286,0.012,0.313,0.011
1988,8,0.425,0.078,0.326,0.022,0.33,0.012,0.285,0.013,0.317,0.012
1988,9,0.392,0.038,0.312,0.022,0.332,0.012,0.284,0.012,0.318,0.012
1988,10,0.357,0.055,0.299,0.021,0.335,0.012,0.284,0.012,0.32,0.012
1988,11,0.111,0.046,0.274,0.021,0.334,0.012,0.283,0.012,0.321,0.012
1988,12,0.28,0.034,0.253,0.023,0.341,0.012,0.283,0.012,0.323,0.011
1989,1,0.022,0.059,0.252,0.025,0.348,0.011,0.283,0.012,0.325,0.011
1989,2,0.3,0.054,0.243,0.026,0.353,0.011,0.283,0.012,0.328,0.011
1989,3,0.247,0.05,0.239,0.025,0.358,0.01,0.283,0.012,0.329,0.011
1989,4,0.271,0.028,0.238,0.025,0.362,0.01,0.286,0.012,0.33,0.011
1989,5,0.113,0.048,0.243,0.025,0.365,0.01,0.286,0.012,0.331,0.011
1989,6,0.18,0.032,0.255,0.022,0.368,0.01,0.289,0.011,0.332,0.011
1989,7,0.321,0.073,0.285,0.021,0.371,0.011,0.291,0.011,0.334,0.011
1989,8,0.323,0.071,0.29,0.018,0.372,0.011,0.291,0.011,0.334,0.011
1989,9,0.345,0.058,0.328,0.019,0.376,0.011,0.293,0.011,0.335,0.011
1989,10,0.339,0.061,0.354,0.019,0.377,0.011,0.295,0.01,0.336,0.011
1989,11,0.176,0.059,0.388,0.018,0.378,0.011,0.299,0.01,0.336,0.011
1989,12,0.419,0.047,0.407,0.019,0.377,0.011,0.302,0.01,0.336,0.011
1990,1,0.38,0.049,0.419,0.017,0.372,0.011,0.305,0.01,0.336,0.011
1990,2,0.37,0.022,0.423,0.019,0.368,0.012,0.311,0.01,0.336,0.011
1990,3,0.702,0.045,0.421,0.022,0.362,0.012,0.314,0.011,0.337,0.011
1990,4,0.585,0.038,0.432,0.019,0.358,0.012,0.318,0.011,0.338,0.011
1990,5,0.515,0.068,0.453,0.018,0.355,0.012,0.319,0.011,0.338,0.011
1990,6,0.403,0.043,0.453,0.021,0.35,0.013,0.323,0.011,0.338,0.01
1990,7,0.475,0.025,0.454,0.023,0.348,0.014,0.327,0.011,0.339,0.01
1990,8,0.364,0.069,0.464,0.025,0.349,0.014,0.33,0.011,0.339,0.01
1990,9,0.318,0.056,0.433,0.025,0.347,0.015,0.333,0.011,0.34,0.01
1990,10,0.472,0.044,0.428,0.027,0.345,0.015,0.336,0.011,0.341,0.01
1990,11,0.427,0.039,0.421,0.024,0.343,0.016,0.339,0.011,0.341,0.01
1990,12,0.421,0.066,0.434,0.023,0.341,0.017,0.341,0.012,0.342,0.01
1991,1,0.401,0.065,0.439,0.024,0.34,0.017,0.342,0.012,0.342,0.01
1991,2,0.483,0.064,0.447,0.025,0.337,0.016,0.343,0.011,0.342,0.01
1991,3,0.329,0.051,0.458,0.025,0.333,0.015,0.345,0.012,0.342,0.01
1991,4,0.529,0.07,0.449,0.027,0.332,0.015,0.345,0.011,0.344,0.01
1991,5,0.425,0.043,0.441,0.024,0.332,0.015,0.343,0.011,0.345,0.01
1991,6,0.565,0.056,0.436,0.022,0.331,0.015,0.345,0.011,0.346,0.01
1991,7,0.529,0.068,0.442,0.02,0.335,0.014,0.347,0.011,0.347,0.009
1991,8,0.469,0.049,0.436,0.021,0.331,0.014,0.35,0.011,0.348,0.009
1991,9,0.442,0.044,0.445,0.022,0.332,0.014,0.351,0.011,0.349,0.009
1991,10,0.373,0.036,0.425,0.021,0.334,0.014,0.352,0.011,0.351,0.009
1991,11,0.322,0.045,0.415,0.024,0.337,0.014,0.355,0.01,0.353,0.009
1991,12,0.367,0.045,0.393,0.025,0.342,0.014,0.357,0.01,0.353,0.009
1992,1,0.472,0.051,0.361,0.024,0.342,0.014,0.357,0.01,0.356,0.009
1992,2,0.416,0.066,0.333,0.025,0.34,0.014,0.357,0.01,0.358,0.009
1992,3,0.427,0.057,0.297,0.025,0.341,0.015,0.36,0.011,0.362,0.009
1992,4,0.29,0.042,0.273,0.027,0.343,0.016,0.362,0.011,0.365,0.009
1992,5,0.302,0.043,0.248,0.028,0.348,0.016,0.363,0.011,0.367,0.009
1992,6,0.306,0.04,0.236,0.03,0.347,0.016,0.365,0.011,0.369,0.009
1992,7,0.15,0.047,0.227,0.029,0.349,0.017,0.365,0.01,0.371,0.009
1992,8,0.131,0.085,0.226,0.03,0.355,0.017,0.366,0.01,0.373,0.01
1992,9,0.003,0.058,0.217,0.03,0.351,0.018,0.367,0.011,0.375,0.01
1992,10,0.093,0.065,0.218,0.032,0.35,0.018,0.37,0.011,0.377,0.009
1992,11,0.022,0.06,0.218,0.034,0.348,0.019,0.374,0.011,0.379,0.01
1992,12,0.224,0.075,0.219,0.036,0.35,0.019,0.376,0.011,0.379,0.009
1993,1,0.362,0.052,0.23,0.037,0.352,0.02,0.377,0.011,0.381,0.009
1993,2,0.397,0.082,0.237,0.038,0.355,0.02,0.381,0.012,0.381,0.009
1993,3,0.324,0.073,0.252,0.04,0.356,0.021,0.382,0.012,0.382,0.009
1993,4,0.303,0.07,0.267,0.038,0.357,0.021,0.385,0.012,0.383,0.01
1993,5,0.299,0.055,0.275,0.038,0.358,0.021,0.388,0.013,0.384,0.01
1993,6,0.32,0.04,0.275,0.035,0.356,0.021,0.391,0.013,0.385,0.01
1993,7,0.284,0.075,0.265,0.033,0.355,0.021,0.395,0.013,0.387,0.01
1993,8,0.218,0.072,0.237,0.032,0.356,0.021,0.397,0.013,0.388,0.01
1993,9,0.174,0.082,0.236,0.031,0.357,0.02,0.398,0.013,0.39,0.01
1993,10,0.28,0.05,0.243,0.029,0.355,0.02,0.399,0.013,0.392,0.009
1993,11,0.114,0.053,0.245,0.032,0.353,0.02,0.402,0.013,0.393,0.01
1993,12,0.22,0.048,0.255,0.035,0.348,0.02,0.405,0.013,0.396,0.01
1994,1,0.248,0.034,0.258,0.033,0.346,0.02,0.408,0.013,0.397,0.01
1994,2,0.062,0.06,0.261,0.033,0.347,0.02,0.411,0.013,0.4,0.01
1994,3,0.309,0.043,0.279,0.034,0.345,0.02,0.412,0.013,0.401,0.01
1994,4,0.388,0.05,0.295,0.034,0.342,0.021,0.413,0.013,0.404,0.01
1994,5,0.321,0.067,0.321,0.03,0.344,0.02,0.415,0.013,0.404,0.01
1994,6,0.445,0.078,0.335,0.031,0.346,0.019,0.417,0.013,0.405,0.01
1994,7,0.321,0.06,0.357,0.03,0.343,0.019,0.417,0.013,0.406,0.01
1994,8,0.254,0.07,0.414,0.029,0.342,0.018,0.418,0.013,0.408,0.01
1994,9,0.381,0.075,0.426,0.031,0.344,0.018,0.418,0.014,0.409,0.01
1994,10,0.476,0.053,0.438,0.034,0.346,0.018,0.419,0.014,0.411,0.01
1994,11,0.431,0.049,0.44,0.035,0.348,0.018,0.421,0.014,0.414,0.01
1994,12,0.38,0.053,0.45,0.036,0.353,0.018,0.421,0.014,0.417,0.01
1995,1,0.511,0.055,0.47,0.039,0.358,0.018,0.42,0.014,0.419,0.01
1995,2,0.749,0.092,0.494,0.041,0.363,0.018,0.422,0.014,0.422,0.01
1995,3,0.459,0.076,0.495,0.043,0.373,0.018,0.42,0.014,0.424,0.01
1995,4,0.523,0.076,0.501,0.043,0.383,0.018,0.42,0.014,0.427,0.01
1995,5,0.351,0.07,0.505,0.041,0.394,0.017,0.419,0.014,0.429,0.01
1995,6,0.558,0.062,0.501,0.039,0.401,0.016,0.419,0.014,0.431,0.01
1995,7,0.57,0.063,0.484,0.038,0.405,0.016,0.418,0.015,0.434,0.01
1995,8,0.543,0.052,0.467,0.035,0.413,0.016,0.419,0.015,0.436,0.01
1995,9,0.394,0.056,0.462,0.032,0.418,0.016,0.42,0.015,0.439,0.01
1995,10,0.546,0.049,0.45,0.03,0.425,0.016,0.419,0.015,0.442,0.01
1995,11,0.478,0.046,0.446,0.029,0.433,0.016,0.418,0.015,0.445,0.01
1995,12,0.325,0.062,0.424,0.029,0.441,0.017,0.417,0.015,0.447,0.011
1996,1,0.307,0.04,0.411,0.028,0.449,0.016,0.418,0.015,0.449,0.011
1996,2,0.551,0.052,0.41,0.03,0.458,0.016,0.418,0.015,0.45,0.011
1996,3,0.397,0.05,0.4,0.029,0.463,0.016,0.42,0.016,0.452,0.011
1996,4,0.386,0.058,0.375,0.031,0.466,0.016,0.42,0.016,0.453,0.011
1996,5,0.298,0.054,0.371,0.028,0.472,0.016,0.421,0.016,0.453,0.011
1996,6,0.295,0.061,0.382,0.026,0.478,0.017,0.421,0.016,0.456,0.011
1996,7,0.409,0.036,0.382,0.023,0.482,0.017,0.422,0.016,0.458,0.011
1996,8,0.529,0.061,0.368,0.02,0.492,0.018,0.422,0.016,0.46,0.011
1996,9,0.284,0.051,0.379,0.017,0.492,0.018,0.423,0.016,0.462,0.011
1996,10,0.238,0.036,0.383,0.019,0.492,0.018,0.425,0.016,0.464,0.011
1996,11,0.436,0.032,0.391,0.02,0.492,0.018,0.428,0.016,0.467,0.011
1996,12,0.452,0.039,0.418,0.024,0.492,0.019,0.431,0.016,0.47,0.011
1997,1,0.314,0.029,0.42,0.025,0.493,0.019,0.433,0.016,0.472,0.011
1997,2,0.384,0.051,0.414,0.024,0.495,0.02,0.435,0.016,0.474,0.012
1997,3,0.526,0.045,0.437,0.022,0.496,0.021,0.439,0.015,0.476,0.012
1997,4,0.428,0.041,0.476,0.022,0.495,0.021,0.441,0.015,0.479,0.012
1997,5,0.4,0.045,0.498,0.022,0.494,0.021,0.444,0.015,0.48,0.012
1997,6,0.615,0.085,0.515,0.022,0.495,0.02,0.447,0.016,0.481,0.012
1997,7,0.43,0.049,0.539,0.023,0.491,0.02,0.451,0.016,0.482,0.012
1997,8,0.466,0.037,0.577,0.023,0.488,0.02,0.455,0.016,0.483,0.012
1997,9,0.56,0.03,0.586,0.025,0.488,0.02,0.46,0.016,0.484,0.012
1997,10,0.699,0.05,0.613,0.026,0.489,0.02,0.465,0.016,0.485,0.013
1997,11,0.703,0.047,0.642,0.027,0.489,0.02,0.47,0.016,0.487,0.013
1997,12,0.655,0.051,0.657,0.027,0.487,0.02,0.472,0.015,0.487,0.013
1998,1,0.602,0.049,0.685,0.027,0.484,0.02,0.475,0.015,0.486,0.013
1998,2,0.842,0.075,0.711,0.028,0.483,0.02,0.477,0.015,0.486,0.013
1998,3,0.636,0.075,0.705,0.028,0.485,0.02,0.479,0.015,0.487,0.013
1998,4,0.746,0.055,0.686,0.028,0.481,0.02,0.481,0.015,0.487,0.013
1998,5,0.751,0.057,0.665,0.031,0.478,0.02,0.484,0.015,0.487,0.013
1998,6,0.793,0.077,0.661,0.031,0.478,0.019,0.485,0.015,0.488,0.013
1998,7,0.769,0.069,0.648,0.031,0.481,0.019,0.487,0.015,0.489,0.013
1998,8,0.771,0.064,0.633,0.03,0.479,0.019,0.491,0.015,0.489,0.013
1998,9,0.491,0.046,0.607,0.028,0.482,0.02,0.496,0.016,0.49,0.013
1998,10,0.471,0.036,0.576,0.03,0.485,0.02,0.5,0.016,0.492,0.013
1998,11,0.45,0.055,0.54,0.03,0.489,0.019,0.504,0.016,0.494,0.013
1998,12,0.604,0.069,0.511,0.033,0.494,0.019,0.508,0.016,0.495,0.013
1999,1,0.451,0.043,0.48,0.032,0.497,0.019,0.511,0.017,0.498,0.013
1999,2,0.658,0.055,0.447,0.031,0.498,0.019,0.517,0.017,0.499,0.013
1999,3,0.331,0.071,0.442,0.03,0.502,0.019,0.519,0.017,0.5,0.013
1999,4,0.368,0.056,0.436,0.032,0.508,0.019,0.521,0.017,0.501,0.013
1999,5,0.324,0.056,0.43,0.031,0.512,0.019,0.522,0.017,0.504,0.013
1999,6,0.444,0.074,0.418,0.029,0.516,0.019,0.522,0.018,0.506,0.013
1999,7,0.402,0.075,0.403,0.028,0.523,0.02,0.522,0.018,0.508,0.013
1999,8,0.374,0.061,0.393,0.029,0.527,0.02,0.524,0.018,0.509,0.013
1999,9,0.423,0.059,0.408,0.032,0.533,0.02,0.526,0.019,0.511,0.013
1999,10,0.407,0.06,0.425,0.033,0.536,0.02,0.527,0.019,0.513,0.013
1999,11,0.378,0.048,0.428,0.034,0.541,0.02,0.529,0.019,0.515,0.013
1999,12,0.457,0.059,0.427,0.034,0.541,0.02,0.531,0.019,0.516,0.013
2000,1,0.276,0.053,0.427,0.033,0.545,0.02,0.533,0.019,0.518,0.014
2000,2,0.537,0.042,0.435,0.031,0.547,0.02,0.532,0.018,0.52,0.014
2000,3,0.502,0.061,0.438,0.028,0.548,0.021,0.534,0.018,0.521,0.014
2000,4,0.577,0.047,0.431,0.027,0.547,0.021,0.536,0.018,0.522,0.014
2000,5,0.356,0.046,0.428,0.029,0.545,0.021,0.538,0.018,0.523,0.014
2000,6,0.433,0.055,0.417,0.028,0.543,0.02,0.54,0.018,0.525,0.014
2000,7,0.399,0.072,0.433,0.029,0.546,0.02,0.541,0.017,0.525,0.014
2000,8,0.48,0.051,0.425,0.028,0.541,0.019,0.542,0.017,0.527,0.014
2000,9,0.46,0.055,0.429,0.03,0.539,0.019,0.545,0.017,0.528,0.015
2000,10,0.32,0.049,0.427,0.028,0.536,0.018,0.547,0.017,0.53,0.014
2000,11,0.34,0.039,0.445,0.025,0.534,0.018,0.55,0.017,0.531,0.015
2000,12,0.326,0.047,0.457,0.023,0.529,0.018,0.553,0.018,0.531,0.015
2001,1,0.464,0.054,0.475,0.02,0.526,0.018,0.556,0.018,0.532,0.015
2001,2,0.438,0.04,0.481,0.019,0.524,0.018,0.558,0.018,0.532,0.015
2001,3,0.559,0.07,0.49,0.02,0.528,0.019,0.56,0.018,0.534,0.015
2001,4,0.553,0.044,0.51,0.022,0.533,0.019,0.561,0.018,0.534,0.015
2001,5,0.572,0.049,0.541,0.025,0.535,0.019,0.563,0.018,0.535,0.015
2001,6,0.573,0.061,0.568,0.028,0.538,0.019,0.567,0.018,0.535,0.015
2001,7,0.611,0.049,0.59,0.03,0.541,0.019,0.568,0.018,0.536,0.015
2001,8,0.561,0.053,0.61,0.032,0.542,0.02,0.57,0.018,0.537,0.015
2001,9,0.563,0.068,0.636,0.031,0.546,0.02,0.573,0.018,0.538,0.015
2001,10,0.554,0.065,0.641,0.03,0.551,0.02,0.577,0.018,0.539,0.015
2001,11,0.715,0.05,0.65,0.031,0.552,0.019,0.579,0.018,0.54,0.015
2001,12,0.657,0.064,0.654,0.031,0.552,0.02,0.582,0.019,0.541,0.015
2002,1,0.723,0.062,0.658,0.031,0.551,0.019,0.588,0.019,0.541,0.015
2002,2,0.676,0.065,0.659,0.03,0.553,0.019,0.591,0.019,0.541,0.016
2002,3,0.868,0.043,0.666,0.032,0.556,0.02,0.592,0.019,0.542,0.016
2002,4,0.621,0.028,0.671,0.03,0.56,0.02,0.595,0.019,0.543,0.016
2002,5,0.674,0.058,0.661,0.028,0.565,0.02,0.597,0.019,0.545,0.015
2002,6,0.628,0.062,0.651,0.023,0.566,0.02,0.598,0.019,0.547,0.015
2002,7,0.661,0.058,0.654,0.023,0.574,0.02,0.599,0.019,0.549,0.015
2002,8,0.574,0.054,0.645,0.023,0.576,0.02,0.601,0.019,0.551,0.015
2002,9,0.646,0.053,0.618,0.022,0.58,0.02,0.6,0.019,0.554,0.015
2002,10,0.61,0.041,0.613,0.022,0.582,0.02,0.6,0.02,0.558,0.016
2002,11,0.593,0.048,0.608,0.022,0.588,0.02,0.599,0.02,0.561,0.016
2002,12,0.544,0.051,0.597,0.023,0.592,0.02,0.598,0.02,0.562,0.016
2003,1,0.751,0.05,0.589,0.023,0.597,0.02,0.595,0.02,0.564,0.016
2003,2,0.565,0.042,0.599,0.022,0.6,0.019,0.591,0.02,0.564,0.016
2003,3,0.545,0.057,0.604,0.024,0.605,0.02,0.591,0.019,0.566,0.016
2003,4,0.567,0.045,0.618,0.027,0.614,0.02,0.589,0.019,0.567,0.016
2003,5,0.614,0.041,0.616,0.033,0.621,0.021,0.587,0.019,0.568,0.016
2003,6,0.494,0.053,0.636,0.034,0.628,0.021,0.585,0.019,0.57,0.017
2003,7,0.566,0.054,0.624,0.031,0.631,0.021,0.583,0.018,0.571,0.017
2003,8,0.69,0.056,0.636,0.028,0.636,0.021,0.581,0.018,0.573,0.017
2003,9,0.707,0.065,0.642,0.028,0.638,0.021,0.582,0.018,0.576,0.017
2003,10,0.778,0.055,0.647,0.03,0.638,0.021,0.584,0.019,0.577,0.018
2003,11,0.571,0.087,0.628,0.031,0.637,0.022,0.586,0.019,0.58,0.018
2003,12,0.783,0.054,0.625,0.029,0.639,0.022,0.586,0.019,0.582,0.018
2004,1,0.613,0.044,0.606,0.029,0.639,0.022,0.588,0.019,0.584,0.018
2004,2,0.709,0.065,0.59,0.031,0.641,0.022,0.587,0.019,0.586,0.018
2004,3,0.608,0.047,0.58,0.033,0.643,0.022,0.588,0.019,0.588,0.019
2004,4,0.637,0.052,0.568,0.035,0.646,0.023,0.59,0.019,0.59,0.019
2004,5,0.381,0.059,0.579,0.031,0.646,0.024,0.593,0.019,0.592,0.019
2004,6,0.463,0.048,0.558,0.03,0.649,0.024,0.595,0.019,0.593,0.019
2004,7,0.337,0.068,0.569,0.032,0.653,0.024,0.598,0.019,0.594,0.019
2004,8,0.498,0.041,0.565,0.033,0.654,0.024,0.601,0.019,0.597,0.019
2004,9,0.579,0.075,0.577,0.034,0.651,0.024,0.603,0.019,0.599,0.019
2004,10,0.644,0.072,0.583,0.031,0.654,0.025,0.606,0.019,0.6,0.019
2004,11,0.697,0.081,0.607,0.032,0.654,0.024,0.609,0.019,0.601,0.019
2004,12,0.529,0.061,0.628,0.032,0.654,0.024,0.612,0.02,0.603,0.019
2005,1,0.75,0.062,0.657,0.031,0.654,0.024,0.616,0.02,0.604,0.019
2005,2,0.656,0.052,0.672,0.03,0.654,0.023,0.619,0.02,0.604,0.019
2005,3,0.75,0.057,0.685,0.029,0.653,0.023,0.622,0.021,0.606,0.019
2005,4,0.711,0.04,0.701,0.031,0.653,0.024,0.625,0.021,0.607,0.019
2005,5,0.669,0.036,0.707,0.029,0.653,0.025,0.628,0.021,0.609,0.019
2005,6,0.721,0.041,0.727,0.027,0.652,0.025,0.631,0.021,0.61,0.019
2005,7,0.682,0.034,0.715,0.025,0.644,0.025,0.633,0.021,0.611,0.019
2005,8,0.677,0.037,0.726,0.026,0.64,0.025,0.635,0.021,0.613,0.02
2005,9,0.736,0.049,0.717,0.024,0.642,0.025,0.636,0.021,0.615,0.02
2005,10,0.841,0.056,0.704,0.026,0.641,0.025,0.64,0.022,0.617,0.02
2005,11,0.765,0.049,0.693,0.028,0.64,0.026,0.644,0.022,0.619,0.02
2005,12,0.766,0.063,0.691,0.029,0.64,0.025,0.645,0.022,0.623,0.02
2006,1,0.612,0.055,0.682,0.031,0.641,0.024,0.646,0.022,0.627,0.02
2006,2,0.78,0.068,0.686,0.032,0.639,0.024,0.647,0.022,0.63,0.02
2006,3,0.651,0.051,0.679,0.031,0.637,0.023,0.648,0.022,0.633,0.02
2006,4,0.555,0.056,0.67,0.032,0.635,0.024,0.649,0.023,0.636,0.021
2006,5,0.534,0.048,0.666,0.033,0.637,0.023,0.648,0.023,0.639,0.021
2006,6,0.7,0.034,0.673,0.034,0.634,0.024,0.649,0.023,0.642,0.021
2006,7,0.567,0.058,0.701,0.033,0.635,0.024,0.651,0.023,0.644,0.021
2006,8,0.733,0.051,0.699,0.032,0.632,0.025,0.652,0.023,0.646,0.021
2006,9,0.649,0.054,0.7,0.032,0.63,0.025,0.653,0.024,0.649,0.021
2006,10,0.731,0.068,0.722,0.032,0.629,0.024,0.654,0.024,0.652,0.021
2006,11,0.719,0.06,0.734,0.03,0.633,0.025,0.652,0.025,0.654,0.021
2006,12,0.841,0.055,0.728,0.03,0.638,0.025,0.652,0.025,0.656,0.021
2007,1,0.957,0.05,0.736,0.029,0.645,0.026,0.649,0.025,0.659,0.021
2007,2,0.746,0.064,0.724,0.029,0.649,0.026,0.648,0.025,0.662,0.021
2007,3,0.669,0.047,0.715,0.03,0.651,0.025,0.645,0.025,0.665,0.021
2007,4,0.822,0.045,0.708,0.03,0.652,0.024,0.645,0.025,0.667,0.021
2007,5,0.671,0.045,0.696,0.031,0.654,0.024,0.646,0.025,0.669,0.021
2007,6,0.63,0.032,0.669,0.031,0.657,0.024,0.647,0.025,0.67,0.021
2007,7,0.658,0.045,0.611,0.03,0.658,0.025,0.647,0.025,0.672,0.021
2007,8,0.59,0.038,0.576,0.031,0.662,0.025,0.648,0.025,0.673,0.021
2007,9,0.543,0.06,0.574,0.033,0.664,0.025,0.648,0.025,0.674,0.022
2007,10,0.652,0.068,0.55,0.034,0.667,0.026,0.651,0.025,0.675,0.022
2007,11,0.577,0.082,0.538,0.035,0.669,0.026,0.652,0.026,0.676,0.022
2007,12,0.509,0.059,0.527,0.033,0.669,0.027,0.652,0.026,0.677,0.022
2008,1,0.268,0.053,0.523,0.031,0.669,0.028,0.652,0.026,0.678,0.022
2008,2,0.323,0.065,0.52,0.03,0.669,0.028,0.652,0.026,0.678,0.022
2008,3,0.642,0.056,0.525,0.029,0.668,0.028,0.653,0.026,0.679,0.022
2008,4,0.54,0.066,0.529,0.033,0.667,0.028,0.653,0.026,0.68,0.022
2008,5,0.52,0.044,0.536,0.033,0.666,0.028,0.653,0.026,0.68,0.022
2008,6,0.497,0.064,0.542,0.032,0.663,0.028,0.655,0.027,0.68,0.022
2008,7,0.614,0.066,0.576,0.031,0.662,0.028,0.655,0.027,0.68,0.022
2008,8,0.557,0.068,0.597,0.031,0.658,0.028,0.655,0.027,0.681,0.022
2008,9,0.604,0.05,0.584,0.031,0.658,0.028,0.656,0.027,0.682,0.022
2008,10,0.692,0.069,0.588,0.029,0.659,0.028,0.655,0.027,0.684,0.022
2008,11,0.67,0.06,0.596,0.028,0.66,0.028,0.657,0.026,0.686,0.022
2008,12,0.572,0.055,0.614,0.031,0.659,0.029,0.656,0.027,0.687,0.022
2009,1,0.684,0.049,0.629,0.033,0.663,0.029,0.657,0.027,0.689,0.022
2009,2,0.572,0.055,0.642,0.034,0.663,0.028,0.656,0.027,0.69,0.022
2009,3,0.481,0.066,0.651,0.035,0.662,0.029,0.657,0.027,0.693,0.022
2009,4,0.588,0.05,0.654,0.031,0.661,0.029,0.658,0.028,0.696,0.022
2009,5,0.62,0.065,0.663,0.031,0.659,0.029,0.662,0.028,0.699,0.022
2009,6,0.711,0.072,0.677,0.032,0.655,0.029,0.664,0.028,0.7,0.023
2009,7,0.8,0.047,0.687,0.035,0.646,0.029,0.666,0.028,0.703,0.023
2009,8,0.714,0.049,0.712,0.036,0.642,0.03,0.669,0.028,0.705,0.023
2009,9,0.709,0.047,0.745,0.037,0.639,0.03,0.672,0.029,0.707,0.023
2009,10,0.726,0.03,0.772,0.039,0.637,0.03,0.673,0.028,0.71,0.023
2009,11,0.775,0.055,0.784,0.038,0.638,0.03,0.673,0.028,0.712,0.023
2009,12,0.749,0.058,0.784,0.037,0.64,0.03,0.675,0.028,0.715,0.023
2010,1,0.797,0.071,0.773,0.039,0.639,0.03,0.675,0.028,0.719,0.023
2010,2,0.872,0.077,0.773,0.039,0.641,0.03,0.677,0.028,0.721,0.023
2010,3,0.877,0.062,0.769,0.039,0.644,0.031,0.678,0.028,0.724,0.023
2010,4,0.913,0.066,0.772,0.041,0.648,0.031,0.678,0.028,0.726,0.023
2010,5,0.769,0.044,0.771,0.041,0.651,0.03,0.68,0.029,0.729,0.023
2010,6,0.713,0.046,0.754,0.042,0.652,0.031,0.681,0.029,0.731,0.023
2010,7,0.665,0.062,0.734,0.04,0.659,0.031,0.682,0.03,0.733,0.023
2010,8,0.711,0.046,0.706,0.037,0.664,0.031,0.684,0.03,0.735,0.023
2010,9,0.664,0.038,0.686,0.036,0.663,0.03,0.685,0.03,0.737,0.024
2010,10,0.756,0.047,0.665,0.035,0.664,0.03,0.687,0.03,0.74,0.024
2010,11,0.76,0.059,0.647,0.036,0.666,0.031,0.689,0.03,0.743,0.024
2010,12,0.549,0.061,0.644,0.034,0.67,0.032,0.693,0.03,0.745,0.024
2011,1,0.559,0.059,0.653,0.032,0.669,0.032,0.697,0.03,0.747,0.024
2011,2,0.538,0.035,0.656,0.033,0.672,0.033,0.701,0.03,0.747,0.024
2011,3,0.637,0.035,0.651,0.035,0.675,0.034,0.706,0.031,0.748,0.024
2011,4,0.663,0.06,0.645,0.036,0.675,0.033,0.711,0.031,0.749,0.025
2011,5,0.547,0.035,0.628,0.036,0.677,0.033,0.715,0.031,0.751,0.025
2011,6,0.681,0.057,0.631,0.035,0.679,0.033,0.716,0.031,0.752,0.025
2011,7,0.765,0.05,0.621,0.034,0.68,0.033,0.72,0.031,0.753,0.025
2011,8,0.752,0.05,0.619,0.036,0.68,0.033,0.722,0.031,0.754,0.025
2011,9,0.604,0.067,0.605,0.036,0.684,0.033,0.724,0.031,0.756,0.026
2011,10,0.679,0.058,0.609,0.036,0.687,0.033,0.726,0.031,0.758,0.026
2011,11,0.566,0.061,0.626,0.034,0.69,0.033,0.728,0.03,0.759,0.026
2011,12,0.583,0.06,0.631,0.032,0.69,0.033,0.729,0.03,0.76,0.026
2012,1,0.441,0.058,0.617,0.033,0.687,0.034,0.73,0.031,0.761,0.026
2012,2,0.504,0.049,0.614,0.033,0.689,0.034,0.733,0.031,0.761,0.027
2012,3,0.477,0.05,0.625,0.034,0.692,0.035,0.737,0.031,0.762,0.027
2012,4,0.704,0.045,0.64,0.033,0.694,0.036,0.738,0.03,0.763,0.027
2012,5,0.758,0.066,0.658,0.032,0.692,0.036,0.741,0.031,0.764,0.027
2012,6,0.743,0.033,0.657,0.033,0.692,0.035,0.742,0.031,0.765,0.027
2012,7,0.596,0.077,0.678,0.032,0.692,0.035,0.744,0.031,0.766,0.027
2012,8,0.71,0.042,0.686,0.033,0.692,0.035,0.746,0.031,0.768,0.027
2012,9,0.739,0.059,0.697,0.035,0.692,0.035,0.749,0.031,0.769,0.027
2012,10,0.86,0.058,0.687,0.035,0.69,0.035,0.751,0.031,0.771,0.027
2012,11,0.786,0.064,0.676,0.039,0.691,0.035,0.753,0.031,0.771,0.027
2012,12,0.562,0.054,0.674,0.043,0.693,0.035,0.756,0.031,0.773,0.027
2013,1,0.694,0.045,0.675,0.045,0.696,0.036,0.761,0.031,0.773,0.027
2013,2,0.598,0.061,0.675,0.045,0.699,0.036,0.766,0.031,0.775,0.027
2013,3,0.613,0.081,0.678,0.044,0.703,0.037,0.767,0.031,0.778,0.027
2013,4,0.587,0.063,0.663,0.04,0.708,0.037,0.77,0.031,0.78,0.027
2013,5,0.627,0.081,0.665,0.04,0.712,0.037,0.773,0.031,0.781,0.027
2013,6,0.717,0.075,0.677,0.04,0.722,0.037,0.776,0.031,0.784,0.027
2013,7,0.602,0.06,0.681,0.041,0.733,0.037,0.778,0.031,0.787,0.027
2013,8,0.71,0.048,0.678,0.041,0.745,0.038,0.78,0.032,0.79,0.027
2013,9,0.783,0.053,0.686,0.042,0.755,0.038,0.782,0.032,0.793,0.027
2013,10,0.672,0.046,0.702,0.042,0.763,0.038,0.784,0.031,0.796,0.027
2013,11,0.81,0.058,0.717,0.039,0.77,0.038,0.785,0.031,0.8,0.027
2013,12,0.714,0.062,0.715,0.037,0.774,0.038,0.788,0.031,0.802,0.027
2014,1,0.741,0.056,0.718,0.037,0.776,0.038,0.79,0.031,0.805,0.027
2014,2,0.558,0.062,0.729,0.039,0.781,0.038,0.793,0.031,0.808,0.027
2014,3,0.71,0.073,0.736,0.043,0.787,0.038,0.798,0.031,0.81,0.027
2014,4,0.774,0.054,0.749,0.048,0.792,0.038,0.802,0.031,0.813,0.028
2014,5,0.81,0.032,0.736,0.049,0.798,0.038,0.804,0.031,0.816,0.028
2014,6,0.697,0.058,0.741,0.048,0.804,0.038,0.806,0.032,0.82,0.028
2014,7,0.64,0.067,0.747,0.047,0.814,0.038,0.807,0.032,0.824,0.028
2014,8,0.842,0.091,0.772,0.047,0.824,0.038,0.809,0.032,0.827,0.028
2014,9,0.861,0.068,0.783,0.045,0.836,0.037,0.811,0.032,0.83,0.028
2014,10,0.831,0.085,0.785,0.045,0.84,0.037,0.814,0.032,0.833,0.028
2014,11,0.649,0.06,0.787,0.048,0.843,0.037,0.815,0.032,0.836,0.028
2014,12,0.78,0.046,0.801,0.051,0.844,0.037,0.818,0.032,0.839,0.028
2015,1,0.816,0.051,0.816,0.051,0.848,0.037,0.821,0.032,0.842,0.028
2015,2,0.852,0.064,0.82,0.049,0.852,0.036,0.824,0.032,0.844,0.028
2015,3,0.847,0.041,0.822,0.048,0.853,0.037,0.826,0.032,0.846,0.028
2015,4,0.792,0.062,0.843,0.046,0.854,0.037,0.828,0.032,0.848,0.028
2015,5,0.844,0.067,0.872,0.046,0.855,0.037,0.83,0.032,0.85,0.029
2015,6,0.853,0.085,0.905,0.049,0.861,0.037,0.832,0.032,0.851,0.029
2015,7,0.822,0.076,0.935,0.051,0.863,0.038,0.834,0.033,0.853,0.029
2015,8,0.891,0.06,0.971,0.052,0.867,0.038,0.836,0.033,0.855,0.029
2015,9,0.894,0.064,1.004,0.054,0.871,0.038,0.838,0.033,0.857,0.029
2015,10,1.079,0.058,1.031,0.054,0.876,0.037,0.84,0.034,0.859,0.029
2015,11,0.999,0.061,1.044,0.053,0.88,0.037,0.842,0.034,0.861,0.029
2015,12,1.167,0.095,1.047,0.05,0.882,0.037,0.845,0.034,0.862,0.029
2016,1,1.18,0.079,1.056,0.048,0.886,0.037,0.847,0.034,,
2016,2,1.284,0.064,1.068,0.048,0.888,0.037,0.848,0.034,,
2016,3,1.249,0.072,1.071,0.048,0.888,0.037,0.849,0.034,,
2016,4,1.115,0.041,1.062,0.047,0.893,0.037,0.85,0.034,,
2016,5,0.99,0.043,1.058,0.046,0.893,0.037,0.853,0.035,,
2016,6,0.889,0.061,1.04,0.043,0.897,0.037,0.854,0.035,,
2016,7,0.929,0.064,1.028,0.041,0.9,0.037,0.855,0.036,,
2016,8,1.043,0.062,1.016,0.043,0.906,0.038,0.857,0.036,,
2016,9,0.931,0.08,1.009,0.04,0.913,0.038,0.86,0.036,,
2016,10,0.974,0.058,0.995,0.038,0.917,0.038,0.863,0.037,,
2016,11,0.95,0.05,0.991,0.036,0.919,0.038,0.866,0.037,,
2016,12,0.946,0.046,0.983,0.034,0.922,0.039,0.868,0.037,,
2017,1,1.038,0.053,0.977,0.034,0.927,0.038,0.872,0.037,,
2017,2,1.139,0.062,0.967,0.032,0.929,0.039,0.875,0.037,,
2017,3,1.158,0.033,0.957,0.032,0.93,0.038,0.879,0.037,,
2017,4,0.953,0.036,0.952,0.033,0.934,0.038,0.88,0.038,,
2017,5,0.945,0.046,0.942,0.033,0.939,0.038,0.881,0.037,,
2017,6,0.789,0.065,0.941,0.036,0.945,0.038,0.883,0.037,,
2017,7,0.858,0.08,0.923,0.038,0.95,0.038,0.886,0.037,,
2017,8,0.918,0.041,0.899,0.039,0.956,0.038,0.888,0.037,,
2017,9,0.812,0.061,0.873,0.042,0.96,0.038,0.889,0.037,,
2017,10,0.914,0.054,0.87,0.045,0.966,0.039,0.891,0.037,,
2017,11,0.838,0.067,0.859,0.046,0.969,0.039,0.891,0.037,,
2017,12,0.925,0.062,0.863,0.046,0.97,0.039,0.894,0.037,,
2018,1,0.825,0.07,0.864,0.045,0.972,0.039,0.895,0.038,,
2018,2,0.859,0.068,0.857,0.045,0.973,0.039,0.898,0.038,,
2018,3,0.845,0.081,0.856,0.044,0.974,0.039,0.903,0.037,,
2018,4,0.91,0.057,0.861,0.043,0.971,0.039,0.907,0.037,,
2018,5,0.822,0.062,0.858,0.045,0.973,0.039,0.91,0.037,,
2018,6,0.829,0.051,0.859,0.044,0.967,0.039,0.914,0.037,,
2018,7,0.869,0.064,0.866,0.043,0.961,0.039,0.92,0.037,,
2018,8,0.839,0.062,0.872,0.042,0.951,0.039,0.925,0.037,,
2018,9,0.798,0.056,0.895,0.042,0.943,0.039,0.931,0.037,,
2018,10,0.975,0.042,0.906,0.041,0.938,0.039,0.937,0.038,,
2018,11,0.807,0.066,0.912,0.04,0.935,0.04,0.942,0.038,,
2018,12,0.938,0.045,0.917,0.042,0.935,0.04,0.948,0.038,,
2019,1,0.901,0.052,0.925,0.042,0.934,0.04,0.952,0.038,,
2019,2,0.928,0.048,0.934,0.043,0.932,0.041,0.959,0.038,,
2019,3,1.131,0.074,0.941,0.041,0.933,0.041,0.964,0.038,,
2019,4,1.032,0.055,0.95,0.04,0.934,0.041,0.968,0.038,,
2019,5,0.894,0.041,0.964,0.038,0.933,0.041,0.971,0.039,,
2019,6,0.898,0.065,0.979,0.038,0.932,0.041,0.976,0.039,,
2019,7,0.963,0.07,1.0,0.038,0.93,0.042,0.981,0.039,,
2019,8,0.948,0.061,1.021,0.038,0.925,0.042,0.985,0.039,,
2019,9,0.88,0.039,1.019,0.036,0.922,0.042,0.988,0.039,,
2019,10,1.084,0.05,1.029,0.037,0.921,0.043,0.993,0.039,,
2019,11,0.97,0.042,1.037,0.039,0.919,0.043,0.999,0.039,,
2019,12,1.118,0.046,1.041,0.038,0.922,0.043,1.003,0.039,,
2020,1,1.153,0.064,1.041,0.038,0.924,0.042,1.008,0.039,,
2020,2,1.179,0.053,1.038,0.037,0.924,0.042,1.011,0.039,,
2020,3,1.103,0.053,1.045,0.041,0.926,0.042,1.015,0.04,,
2020,4,1.158,0.066,1.031,0.045,0.928,0.042,1.018,0.04,,
2020,5,0.989,0.055,1.041,0.046,0.927,0.042,1.02,0.04,,
2020,6,0.947,0.062,1.017,0.05,0.926,0.041,1.022,0.04,,
2020,7,0.962,0.072,0.99,0.051,0.927,0.041,1.024,0.04,,
2020,8,0.91,0.078,0.945,0.052,0.929,0.041,1.026,0.039,,
2020,9,0.965,0.078,0.919,0.052,0.935,0.041,1.029,0.04,,
2020,10,0.916,0.081,0.89,0.053,0.937,0.041,1.03,0.04,,
2020,11,1.087,0.059,0.877,0.057,0.94,0.04,1.032,0.04,,
2020,12,0.839,0.065,0.868,0.058,0.945,0.04,1.032,0.039,,
2021,1,0.824,0.071,0.863,0.06,0.953,0.04,,,,
2021,2,0.643,0.076,0.865,0.061,0.962,0.04,,,,
2021,3,0.784,0.07,0.864,0.06,0.973,0.04,,,,
2021,4,0.81,0.068,0.875,0.06,0.981,0.041,,,,
2021,5,0.835,0.104,0.862,0.059,0.991,0.041,,,,
2021,6,0.845,0.087,0.864,0.056,0.999,0.041,,,,
2021,7,0.896,0.089,0.87,0.057,1.005,0.041,,,,
2021,8,0.94,0.087,0.886,0.058,1.012,0.041,,,,
2021,9,0.955,0.067,0.905,0.058,1.015,0.041,,,,
2021,10,1.045,0.075,0.909,0.056,1.019,0.042,,,,
2021,11,0.929,0.049,0.91,0.053,1.023,0.042,,,,
2021,12,0.865,0.039,0.922,0.049,1.029,0.042,,,,
2022,1,0.888,0.081,0.927,0.047,1.034,0.042,,,,
2022,2,0.844,0.083,0.927,0.042,1.04,0.042,,,,
2022,3,1.005,0.058,0.924,0.042,1.047,0.043,,,,
2022,4,0.858,0.054,0.925,0.042,1.052,0.043,,,,
2022,5,0.846,0.078,0.909,0.042,1.058,0.044,,,,
2022,6,0.993,0.073,0.912,0.043,1.062,0.044,,,,
2022,7,0.953,0.056,0.912,0.042,1.065,0.044,,,,
2022,8,0.941,0.044,0.92,0.039,1.067,0.045,,,,
2022,9,0.916,0.075,0.935,0.037,1.07,0.045,,,,
2022,10,1.06,0.067,0.95,0.037,1.07,0.045,,,,
2022,11,0.736,0.065,0.963,0.037,1.072,0.045,,,,
2022,12,0.907,0.064,0.979,0.037,1.074,0.045,,,,
2023,1,0.882,0.063,1.011,0.038,1.075,0.045,,,,
2023,2,0.939,0.079,1.045,0.038,1.079,0.044,,,,
2023,3,1.193,0.053,1.093,0.036,1.084,0.044,,,,
2023,4,1.037,0.071,1.123,0.038,1.089,0.044,,,,
2023,5,0.997,0.094,1.18,0.04,1.092,0.044,,,,
2023,6,1.182,0.071,1.221,0.044,1.097,0.044,,,,
2023,7,1.343,0.083,1.252,0.044,,,,,,
2023,8,1.351,0.042,1.289,0.044,,,,,,
2023,9,1.489,0.038,1.296,0.045,,,,,,
2023,10,1.418,0.075,1.316,0.046,,,,,,
2023,11,1.417,0.053,1.331,0.045,,,,,,
2023,12,1.403,0.063,1.337,0.047,,,,,,
2024,1,1.256,0.053,1.329,0.046,,,,,,
2024,2,1.38,0.06,1.326,0.047,,,,,,
2024,3,1.281,0.063,1.31,0.049,,,,,,
2024,4,1.278,0.067,1.306,0.05,,,,,,
2024,5,1.174,0.067,1.301,0.05,,,,,,
2024,6,1.252,0.062,1.293,0.049,,,,,,
2024,7,1.253,0.079,1.303,0.051,,,,,,
2024,8,1.309,0.086,1.293,0.05,,,,,,
2024,9,1.296,0.068,1.293,0.051,,,,,,
2024,10,1.371,0.068,1.286,0.05,,,,,,
2024,11,1.354,0.057,1.279,0.05,,,,,,
2024,12,1.311,0.065,1.263,0.05,,,,,,
2025,1,1.372,0.061,1.245,0.049,,,,,,
2025,2,1.26,0.06,1.231,0.047,,,,,,
2025,3,1.282,0.065,1.227,0.049,,,,,,
2025,4,1.202,0.065,1.218,0.049,,,,,,
2025,5,1.08,0.065,1.208,0.047,,,,,,
2025,6,1.059,0.074,1.193,0.045,,,,,,
2025,7,1.037,0.06,,,,,,,,
2025,8,1.142,0.074,,,,,,,,
2025,9,1.256,0.073,,,,,,,,
2025,10,1.259,0.083,,,,,,,,
2025,11,1.232,0.067,,,,,,,,
2025,12,1.13,0.05,,,,,,,,
